ISO-10303-21;
HEADER;
/* Generated by software containing ST-Developer
 * from STEP Tools, Inc. (www.steptools.com) 
 */

FILE_DESCRIPTION(
/* description */ (''),
/* implementation_level */ '2;1');

FILE_NAME(
/* name */ 'WalkieTalkie.step',
/* time_stamp */ '2026-08-19T15:35:50+02:00',
/* author */ (''),
/* organization */ (''),
/* preprocessor_version */ 'ST-DEVELOPER v20.1',
/* originating_system */ 'Autodesk Translation Framework v15.8.0.0',
/* authorisation */ '');

FILE_SCHEMA (('AUTOMOTIVE_DESIGN { 1 0 10303 214 3 1 1 }'));
ENDSEC;

DATA;
#10=MECHANICAL_DESIGN_GEOMETRIC_PRESENTATION_REPRESENTATION('',(#13,#14,
#15),#2421);
#11=SHAPE_REPRESENTATION_RELATIONSHIP('SRR','None',#2428,#12);
#12=ADVANCED_BREP_SHAPE_REPRESENTATION('',(#16,#17,#18),#2420);
#13=STYLED_ITEM('',(#2437),#16);
#14=STYLED_ITEM('',(#2437),#17);
#15=STYLED_ITEM('',(#2437),#18);
#16=MANIFOLD_SOLID_BREP('Bry\X2\0142\X0\a1',#1467);
#17=MANIFOLD_SOLID_BREP('Bry\X2\0142\X0\a2',#1468);
#18=MANIFOLD_SOLID_BREP('Bry\X2\0142\X0\a3',#1469);
#19=CYLINDRICAL_SURFACE('',#1492,4.75);
#20=CYLINDRICAL_SURFACE('',#1494,3.24999999999999);
#21=CYLINDRICAL_SURFACE('',#1516,1.5);
#22=CYLINDRICAL_SURFACE('',#1519,7.25000000000001);
#23=CYLINDRICAL_SURFACE('',#1523,8.);
#24=CYLINDRICAL_SURFACE('',#1526,0.749999999999994);
#25=CYLINDRICAL_SURFACE('',#1529,0.749999999999994);
#26=CYLINDRICAL_SURFACE('',#1532,0.749999999999994);
#27=CYLINDRICAL_SURFACE('',#1535,0.749999999999994);
#28=CYLINDRICAL_SURFACE('',#1538,0.749999999999994);
#29=CYLINDRICAL_SURFACE('',#1541,0.749999999999994);
#30=CYLINDRICAL_SURFACE('',#1544,0.749999999999994);
#31=CYLINDRICAL_SURFACE('',#1547,0.749999999999994);
#32=CYLINDRICAL_SURFACE('',#1550,0.749999999999994);
#33=CYLINDRICAL_SURFACE('',#1553,0.749999999999994);
#34=CYLINDRICAL_SURFACE('',#1556,0.749999999999994);
#35=CYLINDRICAL_SURFACE('',#1559,0.749999999999994);
#36=CYLINDRICAL_SURFACE('',#1562,0.749999999999994);
#37=CYLINDRICAL_SURFACE('',#1565,0.749999999999994);
#38=CYLINDRICAL_SURFACE('',#1568,0.749999999999994);
#39=CYLINDRICAL_SURFACE('',#1571,0.749999999999994);
#40=CYLINDRICAL_SURFACE('',#1574,0.749999999999994);
#41=CYLINDRICAL_SURFACE('',#1577,0.749999999999994);
#42=CYLINDRICAL_SURFACE('',#1580,0.749999999999994);
#43=CYLINDRICAL_SURFACE('',#1583,0.749999999999994);
#44=CYLINDRICAL_SURFACE('',#1586,0.749999999999994);
#45=CYLINDRICAL_SURFACE('',#1589,0.749999999999994);
#46=CYLINDRICAL_SURFACE('',#1592,0.749999999999994);
#47=CYLINDRICAL_SURFACE('',#1595,0.749999999999994);
#48=CYLINDRICAL_SURFACE('',#1598,0.749999999999994);
#49=FACE_BOUND('',#254,.T.);
#50=FACE_BOUND('',#256,.T.);
#51=FACE_BOUND('',#258,.T.);
#52=FACE_BOUND('',#266,.T.);
#53=FACE_BOUND('',#270,.T.);
#54=FACE_BOUND('',#272,.T.);
#55=FACE_BOUND('',#275,.T.);
#56=FACE_BOUND('',#284,.T.);
#57=FACE_BOUND('',#285,.T.);
#58=FACE_BOUND('',#289,.T.);
#59=FACE_BOUND('',#292,.T.);
#60=FACE_BOUND('',#327,.T.);
#61=FACE_BOUND('',#331,.T.);
#62=FACE_BOUND('',#332,.T.);
#63=FACE_BOUND('',#333,.T.);
#64=FACE_BOUND('',#334,.T.);
#65=FACE_BOUND('',#335,.T.);
#66=FACE_BOUND('',#336,.T.);
#67=FACE_BOUND('',#337,.T.);
#68=FACE_BOUND('',#338,.T.);
#69=FACE_BOUND('',#339,.T.);
#70=FACE_BOUND('',#340,.T.);
#71=FACE_BOUND('',#341,.T.);
#72=FACE_BOUND('',#342,.T.);
#73=FACE_BOUND('',#343,.T.);
#74=FACE_BOUND('',#344,.T.);
#75=FACE_BOUND('',#345,.T.);
#76=FACE_BOUND('',#346,.T.);
#77=FACE_BOUND('',#347,.T.);
#78=FACE_BOUND('',#348,.T.);
#79=FACE_BOUND('',#349,.T.);
#80=FACE_BOUND('',#350,.T.);
#81=FACE_BOUND('',#351,.T.);
#82=FACE_BOUND('',#352,.T.);
#83=FACE_BOUND('',#353,.T.);
#84=FACE_BOUND('',#354,.T.);
#85=FACE_BOUND('',#355,.T.);
#86=FACE_BOUND('',#356,.T.);
#87=FACE_BOUND('',#358,.T.);
#88=FACE_BOUND('',#359,.T.);
#89=FACE_BOUND('',#360,.T.);
#90=FACE_BOUND('',#361,.T.);
#91=FACE_BOUND('',#362,.T.);
#92=FACE_BOUND('',#363,.T.);
#93=FACE_BOUND('',#364,.T.);
#94=FACE_BOUND('',#365,.T.);
#95=FACE_BOUND('',#366,.T.);
#96=FACE_BOUND('',#367,.T.);
#97=FACE_BOUND('',#368,.T.);
#98=FACE_BOUND('',#369,.T.);
#99=FACE_BOUND('',#370,.T.);
#100=FACE_BOUND('',#371,.T.);
#101=FACE_BOUND('',#372,.T.);
#102=FACE_BOUND('',#373,.T.);
#103=FACE_BOUND('',#374,.T.);
#104=FACE_BOUND('',#375,.T.);
#105=FACE_BOUND('',#376,.T.);
#106=FACE_BOUND('',#377,.T.);
#107=FACE_BOUND('',#378,.T.);
#108=FACE_BOUND('',#379,.T.);
#109=FACE_BOUND('',#380,.T.);
#110=FACE_BOUND('',#381,.T.);
#111=FACE_BOUND('',#382,.T.);
#112=CIRCLE('',#1488,3.24999999999999);
#113=CIRCLE('',#1490,4.75);
#114=CIRCLE('',#1493,4.75);
#115=CIRCLE('',#1495,3.24999999999999);
#116=CIRCLE('',#1515,8.);
#117=CIRCLE('',#1517,1.5);
#118=CIRCLE('',#1518,1.5);
#119=CIRCLE('',#1520,7.25000000000001);
#120=CIRCLE('',#1521,7.25000000000001);
#121=CIRCLE('',#1524,8.);
#122=CIRCLE('',#1527,0.749999999999994);
#123=CIRCLE('',#1528,0.749999999999994);
#124=CIRCLE('',#1530,0.749999999999994);
#125=CIRCLE('',#1531,0.749999999999994);
#126=CIRCLE('',#1533,0.749999999999994);
#127=CIRCLE('',#1534,0.749999999999994);
#128=CIRCLE('',#1536,0.749999999999994);
#129=CIRCLE('',#1537,0.749999999999994);
#130=CIRCLE('',#1539,0.749999999999994);
#131=CIRCLE('',#1540,0.749999999999994);
#132=CIRCLE('',#1542,0.749999999999994);
#133=CIRCLE('',#1543,0.749999999999994);
#134=CIRCLE('',#1545,0.749999999999994);
#135=CIRCLE('',#1546,0.749999999999994);
#136=CIRCLE('',#1548,0.749999999999994);
#137=CIRCLE('',#1549,0.749999999999994);
#138=CIRCLE('',#1551,0.749999999999994);
#139=CIRCLE('',#1552,0.749999999999994);
#140=CIRCLE('',#1554,0.749999999999994);
#141=CIRCLE('',#1555,0.749999999999994);
#142=CIRCLE('',#1557,0.749999999999994);
#143=CIRCLE('',#1558,0.749999999999994);
#144=CIRCLE('',#1560,0.749999999999994);
#145=CIRCLE('',#1561,0.749999999999994);
#146=CIRCLE('',#1563,0.749999999999994);
#147=CIRCLE('',#1564,0.749999999999994);
#148=CIRCLE('',#1566,0.749999999999994);
#149=CIRCLE('',#1567,0.749999999999994);
#150=CIRCLE('',#1569,0.749999999999994);
#151=CIRCLE('',#1570,0.749999999999994);
#152=CIRCLE('',#1572,0.749999999999994);
#153=CIRCLE('',#1573,0.749999999999994);
#154=CIRCLE('',#1575,0.749999999999994);
#155=CIRCLE('',#1576,0.749999999999994);
#156=CIRCLE('',#1578,0.749999999999994);
#157=CIRCLE('',#1579,0.749999999999994);
#158=CIRCLE('',#1581,0.749999999999994);
#159=CIRCLE('',#1582,0.749999999999994);
#160=CIRCLE('',#1584,0.749999999999994);
#161=CIRCLE('',#1585,0.749999999999994);
#162=CIRCLE('',#1587,0.749999999999994);
#163=CIRCLE('',#1588,0.749999999999994);
#164=CIRCLE('',#1590,0.749999999999994);
#165=CIRCLE('',#1591,0.749999999999994);
#166=CIRCLE('',#1593,0.749999999999994);
#167=CIRCLE('',#1594,0.749999999999994);
#168=CIRCLE('',#1596,0.749999999999994);
#169=CIRCLE('',#1597,0.749999999999994);
#170=CIRCLE('',#1599,0.749999999999994);
#171=CIRCLE('',#1600,0.749999999999994);
#172=FACE_OUTER_BOUND('',#249,.T.);
#173=FACE_OUTER_BOUND('',#250,.T.);
#174=FACE_OUTER_BOUND('',#251,.T.);
#175=FACE_OUTER_BOUND('',#252,.T.);
#176=FACE_OUTER_BOUND('',#253,.T.);
#177=FACE_OUTER_BOUND('',#255,.T.);
#178=FACE_OUTER_BOUND('',#257,.T.);
#179=FACE_OUTER_BOUND('',#259,.T.);
#180=FACE_OUTER_BOUND('',#260,.T.);
#181=FACE_OUTER_BOUND('',#261,.T.);
#182=FACE_OUTER_BOUND('',#262,.T.);
#183=FACE_OUTER_BOUND('',#263,.T.);
#184=FACE_OUTER_BOUND('',#264,.T.);
#185=FACE_OUTER_BOUND('',#265,.T.);
#186=FACE_OUTER_BOUND('',#267,.T.);
#187=FACE_OUTER_BOUND('',#268,.T.);
#188=FACE_OUTER_BOUND('',#269,.T.);
#189=FACE_OUTER_BOUND('',#271,.T.);
#190=FACE_OUTER_BOUND('',#273,.T.);
#191=FACE_OUTER_BOUND('',#274,.T.);
#192=FACE_OUTER_BOUND('',#276,.T.);
#193=FACE_OUTER_BOUND('',#277,.T.);
#194=FACE_OUTER_BOUND('',#278,.T.);
#195=FACE_OUTER_BOUND('',#279,.T.);
#196=FACE_OUTER_BOUND('',#280,.T.);
#197=FACE_OUTER_BOUND('',#281,.T.);
#198=FACE_OUTER_BOUND('',#282,.T.);
#199=FACE_OUTER_BOUND('',#283,.T.);
#200=FACE_OUTER_BOUND('',#286,.T.);
#201=FACE_OUTER_BOUND('',#287,.T.);
#202=FACE_OUTER_BOUND('',#288,.T.);
#203=FACE_OUTER_BOUND('',#290,.T.);
#204=FACE_OUTER_BOUND('',#291,.T.);
#205=FACE_OUTER_BOUND('',#293,.T.);
#206=FACE_OUTER_BOUND('',#294,.T.);
#207=FACE_OUTER_BOUND('',#295,.T.);
#208=FACE_OUTER_BOUND('',#296,.T.);
#209=FACE_OUTER_BOUND('',#297,.T.);
#210=FACE_OUTER_BOUND('',#298,.T.);
#211=FACE_OUTER_BOUND('',#299,.T.);
#212=FACE_OUTER_BOUND('',#300,.T.);
#213=FACE_OUTER_BOUND('',#301,.T.);
#214=FACE_OUTER_BOUND('',#302,.T.);
#215=FACE_OUTER_BOUND('',#303,.T.);
#216=FACE_OUTER_BOUND('',#304,.T.);
#217=FACE_OUTER_BOUND('',#305,.T.);
#218=FACE_OUTER_BOUND('',#306,.T.);
#219=FACE_OUTER_BOUND('',#307,.T.);
#220=FACE_OUTER_BOUND('',#308,.T.);
#221=FACE_OUTER_BOUND('',#309,.T.);
#222=FACE_OUTER_BOUND('',#310,.T.);
#223=FACE_OUTER_BOUND('',#311,.T.);
#224=FACE_OUTER_BOUND('',#312,.T.);
#225=FACE_OUTER_BOUND('',#313,.T.);
#226=FACE_OUTER_BOUND('',#314,.T.);
#227=FACE_OUTER_BOUND('',#315,.T.);
#228=FACE_OUTER_BOUND('',#316,.T.);
#229=FACE_OUTER_BOUND('',#317,.T.);
#230=FACE_OUTER_BOUND('',#318,.T.);
#231=FACE_OUTER_BOUND('',#319,.T.);
#232=FACE_OUTER_BOUND('',#320,.T.);
#233=FACE_OUTER_BOUND('',#321,.T.);
#234=FACE_OUTER_BOUND('',#322,.T.);
#235=FACE_OUTER_BOUND('',#323,.T.);
#236=FACE_OUTER_BOUND('',#324,.T.);
#237=FACE_OUTER_BOUND('',#325,.T.);
#238=FACE_OUTER_BOUND('',#326,.T.);
#239=FACE_OUTER_BOUND('',#328,.T.);
#240=FACE_OUTER_BOUND('',#329,.T.);
#241=FACE_OUTER_BOUND('',#330,.T.);
#242=FACE_OUTER_BOUND('',#357,.T.);
#243=FACE_OUTER_BOUND('',#383,.T.);
#244=FACE_OUTER_BOUND('',#384,.T.);
#245=FACE_OUTER_BOUND('',#385,.T.);
#246=FACE_OUTER_BOUND('',#386,.T.);
#247=FACE_OUTER_BOUND('',#387,.T.);
#248=FACE_OUTER_BOUND('',#388,.T.);
#249=EDGE_LOOP('',(#963,#964,#965,#966));
#250=EDGE_LOOP('',(#967,#968,#969,#970));
#251=EDGE_LOOP('',(#971,#972,#973,#974));
#252=EDGE_LOOP('',(#975,#976,#977,#978));
#253=EDGE_LOOP('',(#979,#980,#981,#982));
#254=EDGE_LOOP('',(#983));
#255=EDGE_LOOP('',(#984,#985,#986,#987));
#256=EDGE_LOOP('',(#988));
#257=EDGE_LOOP('',(#989,#990,#991,#992));
#258=EDGE_LOOP('',(#993,#994,#995,#996));
#259=EDGE_LOOP('',(#997,#998,#999,#1000));
#260=EDGE_LOOP('',(#1001,#1002,#1003,#1004));
#261=EDGE_LOOP('',(#1005,#1006,#1007,#1008));
#262=EDGE_LOOP('',(#1009,#1010,#1011,#1012));
#263=EDGE_LOOP('',(#1013,#1014,#1015,#1016));
#264=EDGE_LOOP('',(#1017,#1018,#1019,#1020));
#265=EDGE_LOOP('',(#1021,#1022,#1023,#1024));
#266=EDGE_LOOP('',(#1025,#1026,#1027,#1028));
#267=EDGE_LOOP('',(#1029,#1030,#1031,#1032));
#268=EDGE_LOOP('',(#1033,#1034,#1035,#1036));
#269=EDGE_LOOP('',(#1037,#1038,#1039,#1040));
#270=EDGE_LOOP('',(#1041));
#271=EDGE_LOOP('',(#1042,#1043,#1044,#1045));
#272=EDGE_LOOP('',(#1046,#1047,#1048,#1049));
#273=EDGE_LOOP('',(#1050,#1051,#1052,#1053));
#274=EDGE_LOOP('',(#1054,#1055,#1056,#1057));
#275=EDGE_LOOP('',(#1058));
#276=EDGE_LOOP('',(#1059,#1060,#1061,#1062));
#277=EDGE_LOOP('',(#1063,#1064,#1065,#1066));
#278=EDGE_LOOP('',(#1067,#1068,#1069,#1070));
#279=EDGE_LOOP('',(#1071,#1072,#1073,#1074));
#280=EDGE_LOOP('',(#1075,#1076,#1077,#1078));
#281=EDGE_LOOP('',(#1079,#1080,#1081,#1082));
#282=EDGE_LOOP('',(#1083,#1084,#1085,#1086));
#283=EDGE_LOOP('',(#1087,#1088,#1089,#1090));
#284=EDGE_LOOP('',(#1091,#1092,#1093,#1094));
#285=EDGE_LOOP('',(#1095));
#286=EDGE_LOOP('',(#1096,#1097,#1098,#1099));
#287=EDGE_LOOP('',(#1100,#1101,#1102,#1103));
#288=EDGE_LOOP('',(#1104));
#289=EDGE_LOOP('',(#1105));
#290=EDGE_LOOP('',(#1106,#1107,#1108,#1109));
#291=EDGE_LOOP('',(#1110));
#292=EDGE_LOOP('',(#1111));
#293=EDGE_LOOP('',(#1112,#1113,#1114,#1115));
#294=EDGE_LOOP('',(#1116,#1117,#1118,#1119));
#295=EDGE_LOOP('',(#1120,#1121,#1122,#1123));
#296=EDGE_LOOP('',(#1124,#1125,#1126,#1127));
#297=EDGE_LOOP('',(#1128,#1129,#1130,#1131));
#298=EDGE_LOOP('',(#1132,#1133,#1134,#1135));
#299=EDGE_LOOP('',(#1136,#1137,#1138,#1139));
#300=EDGE_LOOP('',(#1140,#1141,#1142,#1143));
#301=EDGE_LOOP('',(#1144,#1145,#1146,#1147));
#302=EDGE_LOOP('',(#1148,#1149,#1150,#1151));
#303=EDGE_LOOP('',(#1152,#1153,#1154,#1155));
#304=EDGE_LOOP('',(#1156,#1157,#1158,#1159));
#305=EDGE_LOOP('',(#1160,#1161,#1162,#1163));
#306=EDGE_LOOP('',(#1164,#1165,#1166,#1167));
#307=EDGE_LOOP('',(#1168,#1169,#1170,#1171));
#308=EDGE_LOOP('',(#1172,#1173,#1174,#1175));
#309=EDGE_LOOP('',(#1176,#1177,#1178,#1179));
#310=EDGE_LOOP('',(#1180,#1181,#1182,#1183));
#311=EDGE_LOOP('',(#1184,#1185,#1186,#1187));
#312=EDGE_LOOP('',(#1188,#1189,#1190,#1191));
#313=EDGE_LOOP('',(#1192,#1193,#1194,#1195));
#314=EDGE_LOOP('',(#1196,#1197,#1198,#1199));
#315=EDGE_LOOP('',(#1200,#1201,#1202,#1203));
#316=EDGE_LOOP('',(#1204,#1205,#1206,#1207));
#317=EDGE_LOOP('',(#1208,#1209,#1210,#1211));
#318=EDGE_LOOP('',(#1212,#1213,#1214,#1215));
#319=EDGE_LOOP('',(#1216,#1217,#1218,#1219));
#320=EDGE_LOOP('',(#1220,#1221,#1222,#1223));
#321=EDGE_LOOP('',(#1224,#1225,#1226,#1227));
#322=EDGE_LOOP('',(#1228,#1229,#1230,#1231));
#323=EDGE_LOOP('',(#1232,#1233,#1234,#1235));
#324=EDGE_LOOP('',(#1236,#1237,#1238,#1239));
#325=EDGE_LOOP('',(#1240,#1241,#1242,#1243));
#326=EDGE_LOOP('',(#1244,#1245,#1246,#1247));
#327=EDGE_LOOP('',(#1248,#1249,#1250,#1251));
#328=EDGE_LOOP('',(#1252,#1253,#1254,#1255));
#329=EDGE_LOOP('',(#1256,#1257,#1258,#1259));
#330=EDGE_LOOP('',(#1260,#1261,#1262,#1263));
#331=EDGE_LOOP('',(#1264));
#332=EDGE_LOOP('',(#1265));
#333=EDGE_LOOP('',(#1266));
#334=EDGE_LOOP('',(#1267));
#335=EDGE_LOOP('',(#1268));
#336=EDGE_LOOP('',(#1269));
#337=EDGE_LOOP('',(#1270));
#338=EDGE_LOOP('',(#1271));
#339=EDGE_LOOP('',(#1272));
#340=EDGE_LOOP('',(#1273));
#341=EDGE_LOOP('',(#1274));
#342=EDGE_LOOP('',(#1275));
#343=EDGE_LOOP('',(#1276));
#344=EDGE_LOOP('',(#1277));
#345=EDGE_LOOP('',(#1278));
#346=EDGE_LOOP('',(#1279));
#347=EDGE_LOOP('',(#1280));
#348=EDGE_LOOP('',(#1281));
#349=EDGE_LOOP('',(#1282));
#350=EDGE_LOOP('',(#1283));
#351=EDGE_LOOP('',(#1284));
#352=EDGE_LOOP('',(#1285));
#353=EDGE_LOOP('',(#1286));
#354=EDGE_LOOP('',(#1287));
#355=EDGE_LOOP('',(#1288));
#356=EDGE_LOOP('',(#1289));
#357=EDGE_LOOP('',(#1290,#1291,#1292,#1293));
#358=EDGE_LOOP('',(#1294));
#359=EDGE_LOOP('',(#1295));
#360=EDGE_LOOP('',(#1296));
#361=EDGE_LOOP('',(#1297));
#362=EDGE_LOOP('',(#1298));
#363=EDGE_LOOP('',(#1299));
#364=EDGE_LOOP('',(#1300));
#365=EDGE_LOOP('',(#1301));
#366=EDGE_LOOP('',(#1302));
#367=EDGE_LOOP('',(#1303));
#368=EDGE_LOOP('',(#1304));
#369=EDGE_LOOP('',(#1305));
#370=EDGE_LOOP('',(#1306));
#371=EDGE_LOOP('',(#1307));
#372=EDGE_LOOP('',(#1308));
#373=EDGE_LOOP('',(#1309));
#374=EDGE_LOOP('',(#1310));
#375=EDGE_LOOP('',(#1311));
#376=EDGE_LOOP('',(#1312));
#377=EDGE_LOOP('',(#1313));
#378=EDGE_LOOP('',(#1314));
#379=EDGE_LOOP('',(#1315));
#380=EDGE_LOOP('',(#1316));
#381=EDGE_LOOP('',(#1317));
#382=EDGE_LOOP('',(#1318));
#383=EDGE_LOOP('',(#1319,#1320,#1321,#1322));
#384=EDGE_LOOP('',(#1323,#1324,#1325,#1326));
#385=EDGE_LOOP('',(#1327,#1328,#1329,#1330));
#386=EDGE_LOOP('',(#1331,#1332,#1333,#1334));
#387=EDGE_LOOP('',(#1335,#1336,#1337,#1338));
#388=EDGE_LOOP('',(#1339,#1340,#1341,#1342));
#389=LINE('',#2030,#519);
#390=LINE('',#2032,#520);
#391=LINE('',#2034,#521);
#392=LINE('',#2035,#522);
#393=LINE('',#2038,#523);
#394=LINE('',#2040,#524);
#395=LINE('',#2041,#525);
#396=LINE('',#2044,#526);
#397=LINE('',#2046,#527);
#398=LINE('',#2047,#528);
#399=LINE('',#2049,#529);
#400=LINE('',#2050,#530);
#401=LINE('',#2053,#531);
#402=LINE('',#2055,#532);
#403=LINE('',#2056,#533);
#404=LINE('',#2061,#534);
#405=LINE('',#2062,#535);
#406=LINE('',#2068,#536);
#407=LINE('',#2070,#537);
#408=LINE('',#2072,#538);
#409=LINE('',#2073,#539);
#410=LINE('',#2077,#540);
#411=LINE('',#2081,#541);
#412=LINE('',#2085,#542);
#413=LINE('',#2087,#543);
#414=LINE('',#2089,#544);
#415=LINE('',#2090,#545);
#416=LINE('',#2093,#546);
#417=LINE('',#2095,#547);
#418=LINE('',#2096,#548);
#419=LINE('',#2099,#549);
#420=LINE('',#2101,#550);
#421=LINE('',#2102,#551);
#422=LINE('',#2104,#552);
#423=LINE('',#2105,#553);
#424=LINE('',#2108,#554);
#425=LINE('',#2109,#555);
#426=LINE('',#2111,#556);
#427=LINE('',#2115,#557);
#428=LINE('',#2117,#558);
#429=LINE('',#2118,#559);
#430=LINE('',#2121,#560);
#431=LINE('',#2122,#561);
#432=LINE('',#2125,#562);
#433=LINE('',#2126,#563);
#434=LINE('',#2128,#564);
#435=LINE('',#2133,#565);
#436=LINE('',#2135,#566);
#437=LINE('',#2137,#567);
#438=LINE('',#2138,#568);
#439=LINE('',#2142,#569);
#440=LINE('',#2144,#570);
#441=LINE('',#2146,#571);
#442=LINE('',#2147,#572);
#443=LINE('',#2149,#573);
#444=LINE('',#2150,#574);
#445=LINE('',#2152,#575);
#446=LINE('',#2153,#576);
#447=LINE('',#2156,#577);
#448=LINE('',#2158,#578);
#449=LINE('',#2159,#579);
#450=LINE('',#2162,#580);
#451=LINE('',#2163,#581);
#452=LINE('',#2167,#582);
#453=LINE('',#2169,#583);
#454=LINE('',#2171,#584);
#455=LINE('',#2172,#585);
#456=LINE('',#2179,#586);
#457=LINE('',#2185,#587);
#458=LINE('',#2191,#588);
#459=LINE('',#2197,#589);
#460=LINE('',#2203,#590);
#461=LINE('',#2209,#591);
#462=LINE('',#2215,#592);
#463=LINE('',#2221,#593);
#464=LINE('',#2227,#594);
#465=LINE('',#2233,#595);
#466=LINE('',#2239,#596);
#467=LINE('',#2245,#597);
#468=LINE('',#2251,#598);
#469=LINE('',#2257,#599);
#470=LINE('',#2263,#600);
#471=LINE('',#2269,#601);
#472=LINE('',#2275,#602);
#473=LINE('',#2281,#603);
#474=LINE('',#2287,#604);
#475=LINE('',#2293,#605);
#476=LINE('',#2299,#606);
#477=LINE('',#2305,#607);
#478=LINE('',#2311,#608);
#479=LINE('',#2317,#609);
#480=LINE('',#2323,#610);
#481=LINE('',#2329,#611);
#482=LINE('',#2335,#612);
#483=LINE('',#2341,#613);
#484=LINE('',#2346,#614);
#485=LINE('',#2348,#615);
#486=LINE('',#2350,#616);
#487=LINE('',#2351,#617);
#488=LINE('',#2354,#618);
#489=LINE('',#2356,#619);
#490=LINE('',#2357,#620);
#491=LINE('',#2360,#621);
#492=LINE('',#2362,#622);
#493=LINE('',#2363,#623);
#494=LINE('',#2365,#624);
#495=LINE('',#2366,#625);
#496=LINE('',#2369,#626);
#497=LINE('',#2371,#627);
#498=LINE('',#2372,#628);
#499=LINE('',#2375,#629);
#500=LINE('',#2376,#630);
#501=LINE('',#2379,#631);
#502=LINE('',#2380,#632);
#503=LINE('',#2382,#633);
#504=LINE('',#2386,#634);
#505=LINE('',#2387,#635);
#506=LINE('',#2389,#636);
#507=LINE('',#2395,#637);
#508=LINE('',#2397,#638);
#509=LINE('',#2399,#639);
#510=LINE('',#2400,#640);
#511=LINE('',#2403,#641);
#512=LINE('',#2405,#642);
#513=LINE('',#2406,#643);
#514=LINE('',#2409,#644);
#515=LINE('',#2410,#645);
#516=LINE('',#2413,#646);
#517=LINE('',#2414,#647);
#518=LINE('',#2416,#648);
#519=VECTOR('',#1624,10.);
#520=VECTOR('',#1625,10.);
#521=VECTOR('',#1626,10.);
#522=VECTOR('',#1627,10.);
#523=VECTOR('',#1630,10.);
#524=VECTOR('',#1631,10.);
#525=VECTOR('',#1632,10.);
#526=VECTOR('',#1635,10.);
#527=VECTOR('',#1636,10.);
#528=VECTOR('',#1637,10.);
#529=VECTOR('',#1640,10.);
#530=VECTOR('',#1641,10.);
#531=VECTOR('',#1644,10.);
#532=VECTOR('',#1645,10.);
#533=VECTOR('',#1646,10.);
#534=VECTOR('',#1651,10.);
#535=VECTOR('',#1652,10.);
#536=VECTOR('',#1657,10.);
#537=VECTOR('',#1658,10.);
#538=VECTOR('',#1659,10.);
#539=VECTOR('',#1660,10.);
#540=VECTOR('',#1665,4.75);
#541=VECTOR('',#1670,3.24999999999999);
#542=VECTOR('',#1673,10.);
#543=VECTOR('',#1674,10.);
#544=VECTOR('',#1675,10.);
#545=VECTOR('',#1676,10.);
#546=VECTOR('',#1679,10.);
#547=VECTOR('',#1680,10.);
#548=VECTOR('',#1681,10.);
#549=VECTOR('',#1684,10.);
#550=VECTOR('',#1685,10.);
#551=VECTOR('',#1686,10.);
#552=VECTOR('',#1689,10.);
#553=VECTOR('',#1690,10.);
#554=VECTOR('',#1693,10.);
#555=VECTOR('',#1694,10.);
#556=VECTOR('',#1697,10.);
#557=VECTOR('',#1702,10.);
#558=VECTOR('',#1703,10.);
#559=VECTOR('',#1704,10.);
#560=VECTOR('',#1707,10.);
#561=VECTOR('',#1708,10.);
#562=VECTOR('',#1711,10.);
#563=VECTOR('',#1712,10.);
#564=VECTOR('',#1715,10.);
#565=VECTOR('',#1720,10.);
#566=VECTOR('',#1721,10.);
#567=VECTOR('',#1722,10.);
#568=VECTOR('',#1723,10.);
#569=VECTOR('',#1726,10.);
#570=VECTOR('',#1727,10.);
#571=VECTOR('',#1728,10.);
#572=VECTOR('',#1729,10.);
#573=VECTOR('',#1732,10.);
#574=VECTOR('',#1733,10.);
#575=VECTOR('',#1736,10.);
#576=VECTOR('',#1737,10.);
#577=VECTOR('',#1740,10.);
#578=VECTOR('',#1741,10.);
#579=VECTOR('',#1742,10.);
#580=VECTOR('',#1745,10.);
#581=VECTOR('',#1746,10.);
#582=VECTOR('',#1749,10.);
#583=VECTOR('',#1750,10.);
#584=VECTOR('',#1751,10.);
#585=VECTOR('',#1752,10.);
#586=VECTOR('',#1759,1.5);
#587=VECTOR('',#1766,7.25000000000001);
#588=VECTOR('',#1775,8.);
#589=VECTOR('',#1782,0.749999999999994);
#590=VECTOR('',#1789,0.749999999999994);
#591=VECTOR('',#1796,0.749999999999994);
#592=VECTOR('',#1803,0.749999999999994);
#593=VECTOR('',#1810,0.749999999999994);
#594=VECTOR('',#1817,0.749999999999994);
#595=VECTOR('',#1824,0.749999999999994);
#596=VECTOR('',#1831,0.749999999999994);
#597=VECTOR('',#1838,0.749999999999994);
#598=VECTOR('',#1845,0.749999999999994);
#599=VECTOR('',#1852,0.749999999999994);
#600=VECTOR('',#1859,0.749999999999994);
#601=VECTOR('',#1866,0.749999999999994);
#602=VECTOR('',#1873,0.749999999999994);
#603=VECTOR('',#1880,0.749999999999994);
#604=VECTOR('',#1887,0.749999999999994);
#605=VECTOR('',#1894,0.749999999999994);
#606=VECTOR('',#1901,0.749999999999994);
#607=VECTOR('',#1908,0.749999999999994);
#608=VECTOR('',#1915,0.749999999999994);
#609=VECTOR('',#1922,0.749999999999994);
#610=VECTOR('',#1929,0.749999999999994);
#611=VECTOR('',#1936,0.749999999999994);
#612=VECTOR('',#1943,0.749999999999994);
#613=VECTOR('',#1950,0.749999999999994);
#614=VECTOR('',#1955,10.);
#615=VECTOR('',#1956,10.);
#616=VECTOR('',#1957,10.);
#617=VECTOR('',#1958,10.);
#618=VECTOR('',#1961,10.);
#619=VECTOR('',#1962,10.);
#620=VECTOR('',#1963,10.);
#621=VECTOR('',#1966,10.);
#622=VECTOR('',#1967,10.);
#623=VECTOR('',#1968,10.);
#624=VECTOR('',#1971,10.);
#625=VECTOR('',#1972,10.);
#626=VECTOR('',#1975,10.);
#627=VECTOR('',#1976,10.);
#628=VECTOR('',#1977,10.);
#629=VECTOR('',#1980,10.);
#630=VECTOR('',#1981,10.);
#631=VECTOR('',#1984,10.);
#632=VECTOR('',#1985,10.);
#633=VECTOR('',#1988,10.);
#634=VECTOR('',#1993,10.);
#635=VECTOR('',#1994,10.);
#636=VECTOR('',#1997,10.);
#637=VECTOR('',#2004,10.);
#638=VECTOR('',#2005,10.);
#639=VECTOR('',#2006,10.);
#640=VECTOR('',#2007,10.);
#641=VECTOR('',#2010,10.);
#642=VECTOR('',#2011,10.);
#643=VECTOR('',#2012,10.);
#644=VECTOR('',#2015,10.);
#645=VECTOR('',#2016,10.);
#646=VECTOR('',#2019,10.);
#647=VECTOR('',#2020,10.);
#648=VECTOR('',#2023,10.);
#649=VERTEX_POINT('',#2028);
#650=VERTEX_POINT('',#2029);
#651=VERTEX_POINT('',#2031);
#652=VERTEX_POINT('',#2033);
#653=VERTEX_POINT('',#2037);
#654=VERTEX_POINT('',#2039);
#655=VERTEX_POINT('',#2043);
#656=VERTEX_POINT('',#2045);
#657=VERTEX_POINT('',#2052);
#658=VERTEX_POINT('',#2054);
#659=VERTEX_POINT('',#2057);
#660=VERTEX_POINT('',#2060);
#661=VERTEX_POINT('',#2063);
#662=VERTEX_POINT('',#2066);
#663=VERTEX_POINT('',#2067);
#664=VERTEX_POINT('',#2069);
#665=VERTEX_POINT('',#2071);
#666=VERTEX_POINT('',#2075);
#667=VERTEX_POINT('',#2079);
#668=VERTEX_POINT('',#2083);
#669=VERTEX_POINT('',#2084);
#670=VERTEX_POINT('',#2086);
#671=VERTEX_POINT('',#2088);
#672=VERTEX_POINT('',#2092);
#673=VERTEX_POINT('',#2094);
#674=VERTEX_POINT('',#2098);
#675=VERTEX_POINT('',#2100);
#676=VERTEX_POINT('',#2107);
#677=VERTEX_POINT('',#2114);
#678=VERTEX_POINT('',#2116);
#679=VERTEX_POINT('',#2120);
#680=VERTEX_POINT('',#2124);
#681=VERTEX_POINT('',#2131);
#682=VERTEX_POINT('',#2132);
#683=VERTEX_POINT('',#2134);
#684=VERTEX_POINT('',#2136);
#685=VERTEX_POINT('',#2140);
#686=VERTEX_POINT('',#2141);
#687=VERTEX_POINT('',#2143);
#688=VERTEX_POINT('',#2145);
#689=VERTEX_POINT('',#2155);
#690=VERTEX_POINT('',#2157);
#691=VERTEX_POINT('',#2161);
#692=VERTEX_POINT('',#2165);
#693=VERTEX_POINT('',#2166);
#694=VERTEX_POINT('',#2168);
#695=VERTEX_POINT('',#2170);
#696=VERTEX_POINT('',#2173);
#697=VERTEX_POINT('',#2176);
#698=VERTEX_POINT('',#2178);
#699=VERTEX_POINT('',#2182);
#700=VERTEX_POINT('',#2184);
#701=VERTEX_POINT('',#2189);
#702=VERTEX_POINT('',#2194);
#703=VERTEX_POINT('',#2196);
#704=VERTEX_POINT('',#2200);
#705=VERTEX_POINT('',#2202);
#706=VERTEX_POINT('',#2206);
#707=VERTEX_POINT('',#2208);
#708=VERTEX_POINT('',#2212);
#709=VERTEX_POINT('',#2214);
#710=VERTEX_POINT('',#2218);
#711=VERTEX_POINT('',#2220);
#712=VERTEX_POINT('',#2224);
#713=VERTEX_POINT('',#2226);
#714=VERTEX_POINT('',#2230);
#715=VERTEX_POINT('',#2232);
#716=VERTEX_POINT('',#2236);
#717=VERTEX_POINT('',#2238);
#718=VERTEX_POINT('',#2242);
#719=VERTEX_POINT('',#2244);
#720=VERTEX_POINT('',#2248);
#721=VERTEX_POINT('',#2250);
#722=VERTEX_POINT('',#2254);
#723=VERTEX_POINT('',#2256);
#724=VERTEX_POINT('',#2260);
#725=VERTEX_POINT('',#2262);
#726=VERTEX_POINT('',#2266);
#727=VERTEX_POINT('',#2268);
#728=VERTEX_POINT('',#2272);
#729=VERTEX_POINT('',#2274);
#730=VERTEX_POINT('',#2278);
#731=VERTEX_POINT('',#2280);
#732=VERTEX_POINT('',#2284);
#733=VERTEX_POINT('',#2286);
#734=VERTEX_POINT('',#2290);
#735=VERTEX_POINT('',#2292);
#736=VERTEX_POINT('',#2296);
#737=VERTEX_POINT('',#2298);
#738=VERTEX_POINT('',#2302);
#739=VERTEX_POINT('',#2304);
#740=VERTEX_POINT('',#2308);
#741=VERTEX_POINT('',#2310);
#742=VERTEX_POINT('',#2314);
#743=VERTEX_POINT('',#2316);
#744=VERTEX_POINT('',#2320);
#745=VERTEX_POINT('',#2322);
#746=VERTEX_POINT('',#2326);
#747=VERTEX_POINT('',#2328);
#748=VERTEX_POINT('',#2332);
#749=VERTEX_POINT('',#2334);
#750=VERTEX_POINT('',#2338);
#751=VERTEX_POINT('',#2340);
#752=VERTEX_POINT('',#2344);
#753=VERTEX_POINT('',#2345);
#754=VERTEX_POINT('',#2347);
#755=VERTEX_POINT('',#2349);
#756=VERTEX_POINT('',#2353);
#757=VERTEX_POINT('',#2355);
#758=VERTEX_POINT('',#2359);
#759=VERTEX_POINT('',#2361);
#760=VERTEX_POINT('',#2368);
#761=VERTEX_POINT('',#2370);
#762=VERTEX_POINT('',#2374);
#763=VERTEX_POINT('',#2378);
#764=VERTEX_POINT('',#2385);
#765=VERTEX_POINT('',#2393);
#766=VERTEX_POINT('',#2394);
#767=VERTEX_POINT('',#2396);
#768=VERTEX_POINT('',#2398);
#769=VERTEX_POINT('',#2402);
#770=VERTEX_POINT('',#2404);
#771=VERTEX_POINT('',#2408);
#772=VERTEX_POINT('',#2412);
#773=EDGE_CURVE('',#649,#650,#389,.T.);
#774=EDGE_CURVE('',#650,#651,#390,.T.);
#775=EDGE_CURVE('',#651,#652,#391,.T.);
#776=EDGE_CURVE('',#652,#649,#392,.T.);
#777=EDGE_CURVE('',#650,#653,#393,.T.);
#778=EDGE_CURVE('',#653,#654,#394,.T.);
#779=EDGE_CURVE('',#654,#651,#395,.T.);
#780=EDGE_CURVE('',#655,#654,#396,.T.);
#781=EDGE_CURVE('',#653,#656,#397,.T.);
#782=EDGE_CURVE('',#656,#655,#398,.T.);
#783=EDGE_CURVE('',#656,#649,#399,.T.);
#784=EDGE_CURVE('',#652,#655,#400,.T.);
#785=EDGE_CURVE('',#652,#657,#401,.T.);
#786=EDGE_CURVE('',#657,#658,#402,.F.);
#787=EDGE_CURVE('',#655,#658,#403,.F.);
#788=EDGE_CURVE('',#659,#659,#112,.T.);
#789=EDGE_CURVE('',#651,#660,#404,.F.);
#790=EDGE_CURVE('',#660,#657,#405,.F.);
#791=EDGE_CURVE('',#661,#661,#113,.T.);
#792=EDGE_CURVE('',#662,#663,#406,.T.);
#793=EDGE_CURVE('',#663,#664,#407,.T.);
#794=EDGE_CURVE('',#664,#665,#408,.T.);
#795=EDGE_CURVE('',#665,#662,#409,.T.);
#796=EDGE_CURVE('',#666,#666,#114,.T.);
#797=EDGE_CURVE('',#666,#661,#410,.T.);
#798=EDGE_CURVE('',#667,#667,#115,.T.);
#799=EDGE_CURVE('',#667,#659,#411,.T.);
#800=EDGE_CURVE('',#668,#669,#412,.T.);
#801=EDGE_CURVE('',#668,#670,#413,.T.);
#802=EDGE_CURVE('',#671,#670,#414,.T.);
#803=EDGE_CURVE('',#669,#671,#415,.T.);
#804=EDGE_CURVE('',#672,#668,#416,.T.);
#805=EDGE_CURVE('',#672,#673,#417,.T.);
#806=EDGE_CURVE('',#670,#673,#418,.T.);
#807=EDGE_CURVE('',#674,#672,#419,.T.);
#808=EDGE_CURVE('',#674,#675,#420,.T.);
#809=EDGE_CURVE('',#673,#675,#421,.T.);
#810=EDGE_CURVE('',#669,#674,#422,.T.);
#811=EDGE_CURVE('',#675,#671,#423,.T.);
#812=EDGE_CURVE('',#654,#676,#424,.F.);
#813=EDGE_CURVE('',#676,#660,#425,.F.);
#814=EDGE_CURVE('',#658,#676,#426,.F.);
#815=EDGE_CURVE('',#663,#677,#427,.T.);
#816=EDGE_CURVE('',#678,#677,#428,.T.);
#817=EDGE_CURVE('',#664,#678,#429,.T.);
#818=EDGE_CURVE('',#679,#678,#430,.T.);
#819=EDGE_CURVE('',#665,#679,#431,.T.);
#820=EDGE_CURVE('',#680,#679,#432,.T.);
#821=EDGE_CURVE('',#662,#680,#433,.T.);
#822=EDGE_CURVE('',#677,#680,#434,.T.);
#823=EDGE_CURVE('',#681,#682,#435,.T.);
#824=EDGE_CURVE('',#682,#683,#436,.T.);
#825=EDGE_CURVE('',#683,#684,#437,.T.);
#826=EDGE_CURVE('',#684,#681,#438,.T.);
#827=EDGE_CURVE('',#685,#686,#439,.T.);
#828=EDGE_CURVE('',#686,#687,#440,.T.);
#829=EDGE_CURVE('',#687,#688,#441,.T.);
#830=EDGE_CURVE('',#685,#688,#442,.T.);
#831=EDGE_CURVE('',#682,#687,#443,.T.);
#832=EDGE_CURVE('',#686,#683,#444,.T.);
#833=EDGE_CURVE('',#688,#681,#445,.T.);
#834=EDGE_CURVE('',#684,#685,#446,.T.);
#835=EDGE_CURVE('',#688,#689,#447,.T.);
#836=EDGE_CURVE('',#690,#689,#448,.T.);
#837=EDGE_CURVE('',#681,#690,#449,.T.);
#838=EDGE_CURVE('',#687,#691,#450,.T.);
#839=EDGE_CURVE('',#689,#691,#451,.T.);
#840=EDGE_CURVE('',#692,#693,#452,.T.);
#841=EDGE_CURVE('',#693,#694,#453,.T.);
#842=EDGE_CURVE('',#694,#695,#454,.T.);
#843=EDGE_CURVE('',#695,#692,#455,.T.);
#844=EDGE_CURVE('',#696,#696,#116,.T.);
#845=EDGE_CURVE('',#697,#697,#117,.T.);
#846=EDGE_CURVE('',#697,#698,#456,.T.);
#847=EDGE_CURVE('',#698,#698,#118,.T.);
#848=EDGE_CURVE('',#699,#699,#119,.T.);
#849=EDGE_CURVE('',#699,#700,#457,.T.);
#850=EDGE_CURVE('',#700,#700,#120,.T.);
#851=EDGE_CURVE('',#701,#701,#121,.T.);
#852=EDGE_CURVE('',#701,#696,#458,.T.);
#853=EDGE_CURVE('',#702,#702,#122,.T.);
#854=EDGE_CURVE('',#702,#703,#459,.T.);
#855=EDGE_CURVE('',#703,#703,#123,.T.);
#856=EDGE_CURVE('',#704,#704,#124,.T.);
#857=EDGE_CURVE('',#704,#705,#460,.T.);
#858=EDGE_CURVE('',#705,#705,#125,.T.);
#859=EDGE_CURVE('',#706,#706,#126,.T.);
#860=EDGE_CURVE('',#706,#707,#461,.T.);
#861=EDGE_CURVE('',#707,#707,#127,.T.);
#862=EDGE_CURVE('',#708,#708,#128,.T.);
#863=EDGE_CURVE('',#708,#709,#462,.T.);
#864=EDGE_CURVE('',#709,#709,#129,.T.);
#865=EDGE_CURVE('',#710,#710,#130,.T.);
#866=EDGE_CURVE('',#710,#711,#463,.T.);
#867=EDGE_CURVE('',#711,#711,#131,.T.);
#868=EDGE_CURVE('',#712,#712,#132,.T.);
#869=EDGE_CURVE('',#712,#713,#464,.T.);
#870=EDGE_CURVE('',#713,#713,#133,.T.);
#871=EDGE_CURVE('',#714,#714,#134,.T.);
#872=EDGE_CURVE('',#714,#715,#465,.T.);
#873=EDGE_CURVE('',#715,#715,#135,.T.);
#874=EDGE_CURVE('',#716,#716,#136,.T.);
#875=EDGE_CURVE('',#716,#717,#466,.T.);
#876=EDGE_CURVE('',#717,#717,#137,.T.);
#877=EDGE_CURVE('',#718,#718,#138,.T.);
#878=EDGE_CURVE('',#718,#719,#467,.T.);
#879=EDGE_CURVE('',#719,#719,#139,.T.);
#880=EDGE_CURVE('',#720,#720,#140,.T.);
#881=EDGE_CURVE('',#720,#721,#468,.T.);
#882=EDGE_CURVE('',#721,#721,#141,.T.);
#883=EDGE_CURVE('',#722,#722,#142,.T.);
#884=EDGE_CURVE('',#722,#723,#469,.T.);
#885=EDGE_CURVE('',#723,#723,#143,.T.);
#886=EDGE_CURVE('',#724,#724,#144,.T.);
#887=EDGE_CURVE('',#724,#725,#470,.T.);
#888=EDGE_CURVE('',#725,#725,#145,.T.);
#889=EDGE_CURVE('',#726,#726,#146,.T.);
#890=EDGE_CURVE('',#726,#727,#471,.T.);
#891=EDGE_CURVE('',#727,#727,#147,.T.);
#892=EDGE_CURVE('',#728,#728,#148,.T.);
#893=EDGE_CURVE('',#728,#729,#472,.T.);
#894=EDGE_CURVE('',#729,#729,#149,.T.);
#895=EDGE_CURVE('',#730,#730,#150,.T.);
#896=EDGE_CURVE('',#730,#731,#473,.T.);
#897=EDGE_CURVE('',#731,#731,#151,.T.);
#898=EDGE_CURVE('',#732,#732,#152,.T.);
#899=EDGE_CURVE('',#732,#733,#474,.T.);
#900=EDGE_CURVE('',#733,#733,#153,.T.);
#901=EDGE_CURVE('',#734,#734,#154,.T.);
#902=EDGE_CURVE('',#734,#735,#475,.T.);
#903=EDGE_CURVE('',#735,#735,#155,.T.);
#904=EDGE_CURVE('',#736,#736,#156,.T.);
#905=EDGE_CURVE('',#736,#737,#476,.T.);
#906=EDGE_CURVE('',#737,#737,#157,.T.);
#907=EDGE_CURVE('',#738,#738,#158,.T.);
#908=EDGE_CURVE('',#738,#739,#477,.T.);
#909=EDGE_CURVE('',#739,#739,#159,.T.);
#910=EDGE_CURVE('',#740,#740,#160,.T.);
#911=EDGE_CURVE('',#740,#741,#478,.T.);
#912=EDGE_CURVE('',#741,#741,#161,.T.);
#913=EDGE_CURVE('',#742,#742,#162,.T.);
#914=EDGE_CURVE('',#742,#743,#479,.T.);
#915=EDGE_CURVE('',#743,#743,#163,.T.);
#916=EDGE_CURVE('',#744,#744,#164,.T.);
#917=EDGE_CURVE('',#744,#745,#480,.T.);
#918=EDGE_CURVE('',#745,#745,#165,.T.);
#919=EDGE_CURVE('',#746,#746,#166,.T.);
#920=EDGE_CURVE('',#746,#747,#481,.T.);
#921=EDGE_CURVE('',#747,#747,#167,.T.);
#922=EDGE_CURVE('',#748,#748,#168,.T.);
#923=EDGE_CURVE('',#748,#749,#482,.T.);
#924=EDGE_CURVE('',#749,#749,#169,.T.);
#925=EDGE_CURVE('',#750,#750,#170,.T.);
#926=EDGE_CURVE('',#750,#751,#483,.T.);
#927=EDGE_CURVE('',#751,#751,#171,.T.);
#928=EDGE_CURVE('',#752,#753,#484,.T.);
#929=EDGE_CURVE('',#752,#754,#485,.T.);
#930=EDGE_CURVE('',#755,#754,#486,.T.);
#931=EDGE_CURVE('',#753,#755,#487,.T.);
#932=EDGE_CURVE('',#753,#756,#488,.T.);
#933=EDGE_CURVE('',#757,#755,#489,.T.);
#934=EDGE_CURVE('',#756,#757,#490,.T.);
#935=EDGE_CURVE('',#756,#758,#491,.T.);
#936=EDGE_CURVE('',#759,#757,#492,.T.);
#937=EDGE_CURVE('',#758,#759,#493,.T.);
#938=EDGE_CURVE('',#758,#752,#494,.T.);
#939=EDGE_CURVE('',#754,#759,#495,.T.);
#940=EDGE_CURVE('',#692,#760,#496,.T.);
#941=EDGE_CURVE('',#761,#760,#497,.T.);
#942=EDGE_CURVE('',#693,#761,#498,.T.);
#943=EDGE_CURVE('',#762,#761,#499,.T.);
#944=EDGE_CURVE('',#694,#762,#500,.T.);
#945=EDGE_CURVE('',#763,#762,#501,.T.);
#946=EDGE_CURVE('',#695,#763,#502,.T.);
#947=EDGE_CURVE('',#760,#763,#503,.T.);
#948=EDGE_CURVE('',#682,#764,#504,.T.);
#949=EDGE_CURVE('',#691,#764,#505,.T.);
#950=EDGE_CURVE('',#764,#690,#506,.T.);
#951=EDGE_CURVE('',#765,#766,#507,.T.);
#952=EDGE_CURVE('',#766,#767,#508,.T.);
#953=EDGE_CURVE('',#767,#768,#509,.T.);
#954=EDGE_CURVE('',#768,#765,#510,.T.);
#955=EDGE_CURVE('',#769,#766,#511,.T.);
#956=EDGE_CURVE('',#770,#769,#512,.T.);
#957=EDGE_CURVE('',#767,#770,#513,.T.);
#958=EDGE_CURVE('',#771,#770,#514,.T.);
#959=EDGE_CURVE('',#768,#771,#515,.T.);
#960=EDGE_CURVE('',#772,#771,#516,.T.);
#961=EDGE_CURVE('',#765,#772,#517,.T.);
#962=EDGE_CURVE('',#769,#772,#518,.T.);
#963=ORIENTED_EDGE('',*,*,#773,.T.);
#964=ORIENTED_EDGE('',*,*,#774,.T.);
#965=ORIENTED_EDGE('',*,*,#775,.T.);
#966=ORIENTED_EDGE('',*,*,#776,.T.);
#967=ORIENTED_EDGE('',*,*,#777,.T.);
#968=ORIENTED_EDGE('',*,*,#778,.T.);
#969=ORIENTED_EDGE('',*,*,#779,.T.);
#970=ORIENTED_EDGE('',*,*,#774,.F.);
#971=ORIENTED_EDGE('',*,*,#780,.T.);
#972=ORIENTED_EDGE('',*,*,#778,.F.);
#973=ORIENTED_EDGE('',*,*,#781,.T.);
#974=ORIENTED_EDGE('',*,*,#782,.T.);
#975=ORIENTED_EDGE('',*,*,#783,.T.);
#976=ORIENTED_EDGE('',*,*,#776,.F.);
#977=ORIENTED_EDGE('',*,*,#784,.T.);
#978=ORIENTED_EDGE('',*,*,#782,.F.);
#979=ORIENTED_EDGE('',*,*,#784,.F.);
#980=ORIENTED_EDGE('',*,*,#785,.T.);
#981=ORIENTED_EDGE('',*,*,#786,.T.);
#982=ORIENTED_EDGE('',*,*,#787,.F.);
#983=ORIENTED_EDGE('',*,*,#788,.T.);
#984=ORIENTED_EDGE('',*,*,#775,.F.);
#985=ORIENTED_EDGE('',*,*,#789,.T.);
#986=ORIENTED_EDGE('',*,*,#790,.T.);
#987=ORIENTED_EDGE('',*,*,#785,.F.);
#988=ORIENTED_EDGE('',*,*,#791,.T.);
#989=ORIENTED_EDGE('',*,*,#792,.T.);
#990=ORIENTED_EDGE('',*,*,#793,.T.);
#991=ORIENTED_EDGE('',*,*,#794,.T.);
#992=ORIENTED_EDGE('',*,*,#795,.T.);
#993=ORIENTED_EDGE('',*,*,#773,.F.);
#994=ORIENTED_EDGE('',*,*,#783,.F.);
#995=ORIENTED_EDGE('',*,*,#781,.F.);
#996=ORIENTED_EDGE('',*,*,#777,.F.);
#997=ORIENTED_EDGE('',*,*,#796,.F.);
#998=ORIENTED_EDGE('',*,*,#797,.T.);
#999=ORIENTED_EDGE('',*,*,#791,.F.);
#1000=ORIENTED_EDGE('',*,*,#797,.F.);
#1001=ORIENTED_EDGE('',*,*,#798,.F.);
#1002=ORIENTED_EDGE('',*,*,#799,.T.);
#1003=ORIENTED_EDGE('',*,*,#788,.F.);
#1004=ORIENTED_EDGE('',*,*,#799,.F.);
#1005=ORIENTED_EDGE('',*,*,#800,.F.);
#1006=ORIENTED_EDGE('',*,*,#801,.T.);
#1007=ORIENTED_EDGE('',*,*,#802,.F.);
#1008=ORIENTED_EDGE('',*,*,#803,.F.);
#1009=ORIENTED_EDGE('',*,*,#804,.F.);
#1010=ORIENTED_EDGE('',*,*,#805,.T.);
#1011=ORIENTED_EDGE('',*,*,#806,.F.);
#1012=ORIENTED_EDGE('',*,*,#801,.F.);
#1013=ORIENTED_EDGE('',*,*,#807,.F.);
#1014=ORIENTED_EDGE('',*,*,#808,.T.);
#1015=ORIENTED_EDGE('',*,*,#809,.F.);
#1016=ORIENTED_EDGE('',*,*,#805,.F.);
#1017=ORIENTED_EDGE('',*,*,#810,.F.);
#1018=ORIENTED_EDGE('',*,*,#803,.T.);
#1019=ORIENTED_EDGE('',*,*,#811,.F.);
#1020=ORIENTED_EDGE('',*,*,#808,.F.);
#1021=ORIENTED_EDGE('',*,*,#779,.F.);
#1022=ORIENTED_EDGE('',*,*,#812,.T.);
#1023=ORIENTED_EDGE('',*,*,#813,.T.);
#1024=ORIENTED_EDGE('',*,*,#789,.F.);
#1025=ORIENTED_EDGE('',*,*,#802,.T.);
#1026=ORIENTED_EDGE('',*,*,#806,.T.);
#1027=ORIENTED_EDGE('',*,*,#809,.T.);
#1028=ORIENTED_EDGE('',*,*,#811,.T.);
#1029=ORIENTED_EDGE('',*,*,#780,.F.);
#1030=ORIENTED_EDGE('',*,*,#787,.T.);
#1031=ORIENTED_EDGE('',*,*,#814,.T.);
#1032=ORIENTED_EDGE('',*,*,#812,.F.);
#1033=ORIENTED_EDGE('',*,*,#786,.F.);
#1034=ORIENTED_EDGE('',*,*,#790,.F.);
#1035=ORIENTED_EDGE('',*,*,#813,.F.);
#1036=ORIENTED_EDGE('',*,*,#814,.F.);
#1037=ORIENTED_EDGE('',*,*,#793,.F.);
#1038=ORIENTED_EDGE('',*,*,#815,.T.);
#1039=ORIENTED_EDGE('',*,*,#816,.F.);
#1040=ORIENTED_EDGE('',*,*,#817,.F.);
#1041=ORIENTED_EDGE('',*,*,#796,.T.);
#1042=ORIENTED_EDGE('',*,*,#794,.F.);
#1043=ORIENTED_EDGE('',*,*,#817,.T.);
#1044=ORIENTED_EDGE('',*,*,#818,.F.);
#1045=ORIENTED_EDGE('',*,*,#819,.F.);
#1046=ORIENTED_EDGE('',*,*,#800,.T.);
#1047=ORIENTED_EDGE('',*,*,#810,.T.);
#1048=ORIENTED_EDGE('',*,*,#807,.T.);
#1049=ORIENTED_EDGE('',*,*,#804,.T.);
#1050=ORIENTED_EDGE('',*,*,#795,.F.);
#1051=ORIENTED_EDGE('',*,*,#819,.T.);
#1052=ORIENTED_EDGE('',*,*,#820,.F.);
#1053=ORIENTED_EDGE('',*,*,#821,.F.);
#1054=ORIENTED_EDGE('',*,*,#792,.F.);
#1055=ORIENTED_EDGE('',*,*,#821,.T.);
#1056=ORIENTED_EDGE('',*,*,#822,.F.);
#1057=ORIENTED_EDGE('',*,*,#815,.F.);
#1058=ORIENTED_EDGE('',*,*,#798,.T.);
#1059=ORIENTED_EDGE('',*,*,#822,.T.);
#1060=ORIENTED_EDGE('',*,*,#820,.T.);
#1061=ORIENTED_EDGE('',*,*,#818,.T.);
#1062=ORIENTED_EDGE('',*,*,#816,.T.);
#1063=ORIENTED_EDGE('',*,*,#823,.T.);
#1064=ORIENTED_EDGE('',*,*,#824,.T.);
#1065=ORIENTED_EDGE('',*,*,#825,.T.);
#1066=ORIENTED_EDGE('',*,*,#826,.T.);
#1067=ORIENTED_EDGE('',*,*,#827,.T.);
#1068=ORIENTED_EDGE('',*,*,#828,.T.);
#1069=ORIENTED_EDGE('',*,*,#829,.T.);
#1070=ORIENTED_EDGE('',*,*,#830,.F.);
#1071=ORIENTED_EDGE('',*,*,#831,.T.);
#1072=ORIENTED_EDGE('',*,*,#828,.F.);
#1073=ORIENTED_EDGE('',*,*,#832,.T.);
#1074=ORIENTED_EDGE('',*,*,#824,.F.);
#1075=ORIENTED_EDGE('',*,*,#833,.T.);
#1076=ORIENTED_EDGE('',*,*,#826,.F.);
#1077=ORIENTED_EDGE('',*,*,#834,.T.);
#1078=ORIENTED_EDGE('',*,*,#830,.T.);
#1079=ORIENTED_EDGE('',*,*,#833,.F.);
#1080=ORIENTED_EDGE('',*,*,#835,.T.);
#1081=ORIENTED_EDGE('',*,*,#836,.F.);
#1082=ORIENTED_EDGE('',*,*,#837,.F.);
#1083=ORIENTED_EDGE('',*,*,#829,.F.);
#1084=ORIENTED_EDGE('',*,*,#838,.T.);
#1085=ORIENTED_EDGE('',*,*,#839,.F.);
#1086=ORIENTED_EDGE('',*,*,#835,.F.);
#1087=ORIENTED_EDGE('',*,*,#827,.F.);
#1088=ORIENTED_EDGE('',*,*,#834,.F.);
#1089=ORIENTED_EDGE('',*,*,#825,.F.);
#1090=ORIENTED_EDGE('',*,*,#832,.F.);
#1091=ORIENTED_EDGE('',*,*,#840,.T.);
#1092=ORIENTED_EDGE('',*,*,#841,.T.);
#1093=ORIENTED_EDGE('',*,*,#842,.T.);
#1094=ORIENTED_EDGE('',*,*,#843,.T.);
#1095=ORIENTED_EDGE('',*,*,#844,.T.);
#1096=ORIENTED_EDGE('',*,*,#845,.F.);
#1097=ORIENTED_EDGE('',*,*,#846,.T.);
#1098=ORIENTED_EDGE('',*,*,#847,.F.);
#1099=ORIENTED_EDGE('',*,*,#846,.F.);
#1100=ORIENTED_EDGE('',*,*,#848,.F.);
#1101=ORIENTED_EDGE('',*,*,#849,.T.);
#1102=ORIENTED_EDGE('',*,*,#850,.T.);
#1103=ORIENTED_EDGE('',*,*,#849,.F.);
#1104=ORIENTED_EDGE('',*,*,#850,.F.);
#1105=ORIENTED_EDGE('',*,*,#845,.T.);
#1106=ORIENTED_EDGE('',*,*,#851,.F.);
#1107=ORIENTED_EDGE('',*,*,#852,.T.);
#1108=ORIENTED_EDGE('',*,*,#844,.F.);
#1109=ORIENTED_EDGE('',*,*,#852,.F.);
#1110=ORIENTED_EDGE('',*,*,#851,.T.);
#1111=ORIENTED_EDGE('',*,*,#848,.T.);
#1112=ORIENTED_EDGE('',*,*,#853,.F.);
#1113=ORIENTED_EDGE('',*,*,#854,.T.);
#1114=ORIENTED_EDGE('',*,*,#855,.F.);
#1115=ORIENTED_EDGE('',*,*,#854,.F.);
#1116=ORIENTED_EDGE('',*,*,#856,.F.);
#1117=ORIENTED_EDGE('',*,*,#857,.T.);
#1118=ORIENTED_EDGE('',*,*,#858,.F.);
#1119=ORIENTED_EDGE('',*,*,#857,.F.);
#1120=ORIENTED_EDGE('',*,*,#859,.F.);
#1121=ORIENTED_EDGE('',*,*,#860,.T.);
#1122=ORIENTED_EDGE('',*,*,#861,.F.);
#1123=ORIENTED_EDGE('',*,*,#860,.F.);
#1124=ORIENTED_EDGE('',*,*,#862,.F.);
#1125=ORIENTED_EDGE('',*,*,#863,.T.);
#1126=ORIENTED_EDGE('',*,*,#864,.F.);
#1127=ORIENTED_EDGE('',*,*,#863,.F.);
#1128=ORIENTED_EDGE('',*,*,#865,.F.);
#1129=ORIENTED_EDGE('',*,*,#866,.T.);
#1130=ORIENTED_EDGE('',*,*,#867,.F.);
#1131=ORIENTED_EDGE('',*,*,#866,.F.);
#1132=ORIENTED_EDGE('',*,*,#868,.F.);
#1133=ORIENTED_EDGE('',*,*,#869,.T.);
#1134=ORIENTED_EDGE('',*,*,#870,.F.);
#1135=ORIENTED_EDGE('',*,*,#869,.F.);
#1136=ORIENTED_EDGE('',*,*,#871,.F.);
#1137=ORIENTED_EDGE('',*,*,#872,.T.);
#1138=ORIENTED_EDGE('',*,*,#873,.F.);
#1139=ORIENTED_EDGE('',*,*,#872,.F.);
#1140=ORIENTED_EDGE('',*,*,#874,.F.);
#1141=ORIENTED_EDGE('',*,*,#875,.T.);
#1142=ORIENTED_EDGE('',*,*,#876,.F.);
#1143=ORIENTED_EDGE('',*,*,#875,.F.);
#1144=ORIENTED_EDGE('',*,*,#877,.F.);
#1145=ORIENTED_EDGE('',*,*,#878,.T.);
#1146=ORIENTED_EDGE('',*,*,#879,.F.);
#1147=ORIENTED_EDGE('',*,*,#878,.F.);
#1148=ORIENTED_EDGE('',*,*,#880,.F.);
#1149=ORIENTED_EDGE('',*,*,#881,.T.);
#1150=ORIENTED_EDGE('',*,*,#882,.F.);
#1151=ORIENTED_EDGE('',*,*,#881,.F.);
#1152=ORIENTED_EDGE('',*,*,#883,.F.);
#1153=ORIENTED_EDGE('',*,*,#884,.T.);
#1154=ORIENTED_EDGE('',*,*,#885,.F.);
#1155=ORIENTED_EDGE('',*,*,#884,.F.);
#1156=ORIENTED_EDGE('',*,*,#886,.F.);
#1157=ORIENTED_EDGE('',*,*,#887,.T.);
#1158=ORIENTED_EDGE('',*,*,#888,.F.);
#1159=ORIENTED_EDGE('',*,*,#887,.F.);
#1160=ORIENTED_EDGE('',*,*,#889,.F.);
#1161=ORIENTED_EDGE('',*,*,#890,.T.);
#1162=ORIENTED_EDGE('',*,*,#891,.F.);
#1163=ORIENTED_EDGE('',*,*,#890,.F.);
#1164=ORIENTED_EDGE('',*,*,#892,.F.);
#1165=ORIENTED_EDGE('',*,*,#893,.T.);
#1166=ORIENTED_EDGE('',*,*,#894,.F.);
#1167=ORIENTED_EDGE('',*,*,#893,.F.);
#1168=ORIENTED_EDGE('',*,*,#895,.F.);
#1169=ORIENTED_EDGE('',*,*,#896,.T.);
#1170=ORIENTED_EDGE('',*,*,#897,.F.);
#1171=ORIENTED_EDGE('',*,*,#896,.F.);
#1172=ORIENTED_EDGE('',*,*,#898,.F.);
#1173=ORIENTED_EDGE('',*,*,#899,.T.);
#1174=ORIENTED_EDGE('',*,*,#900,.F.);
#1175=ORIENTED_EDGE('',*,*,#899,.F.);
#1176=ORIENTED_EDGE('',*,*,#901,.F.);
#1177=ORIENTED_EDGE('',*,*,#902,.T.);
#1178=ORIENTED_EDGE('',*,*,#903,.F.);
#1179=ORIENTED_EDGE('',*,*,#902,.F.);
#1180=ORIENTED_EDGE('',*,*,#904,.F.);
#1181=ORIENTED_EDGE('',*,*,#905,.T.);
#1182=ORIENTED_EDGE('',*,*,#906,.F.);
#1183=ORIENTED_EDGE('',*,*,#905,.F.);
#1184=ORIENTED_EDGE('',*,*,#907,.F.);
#1185=ORIENTED_EDGE('',*,*,#908,.T.);
#1186=ORIENTED_EDGE('',*,*,#909,.F.);
#1187=ORIENTED_EDGE('',*,*,#908,.F.);
#1188=ORIENTED_EDGE('',*,*,#910,.F.);
#1189=ORIENTED_EDGE('',*,*,#911,.T.);
#1190=ORIENTED_EDGE('',*,*,#912,.F.);
#1191=ORIENTED_EDGE('',*,*,#911,.F.);
#1192=ORIENTED_EDGE('',*,*,#913,.F.);
#1193=ORIENTED_EDGE('',*,*,#914,.T.);
#1194=ORIENTED_EDGE('',*,*,#915,.F.);
#1195=ORIENTED_EDGE('',*,*,#914,.F.);
#1196=ORIENTED_EDGE('',*,*,#916,.F.);
#1197=ORIENTED_EDGE('',*,*,#917,.T.);
#1198=ORIENTED_EDGE('',*,*,#918,.F.);
#1199=ORIENTED_EDGE('',*,*,#917,.F.);
#1200=ORIENTED_EDGE('',*,*,#919,.F.);
#1201=ORIENTED_EDGE('',*,*,#920,.T.);
#1202=ORIENTED_EDGE('',*,*,#921,.F.);
#1203=ORIENTED_EDGE('',*,*,#920,.F.);
#1204=ORIENTED_EDGE('',*,*,#922,.F.);
#1205=ORIENTED_EDGE('',*,*,#923,.T.);
#1206=ORIENTED_EDGE('',*,*,#924,.F.);
#1207=ORIENTED_EDGE('',*,*,#923,.F.);
#1208=ORIENTED_EDGE('',*,*,#925,.F.);
#1209=ORIENTED_EDGE('',*,*,#926,.T.);
#1210=ORIENTED_EDGE('',*,*,#927,.F.);
#1211=ORIENTED_EDGE('',*,*,#926,.F.);
#1212=ORIENTED_EDGE('',*,*,#928,.F.);
#1213=ORIENTED_EDGE('',*,*,#929,.T.);
#1214=ORIENTED_EDGE('',*,*,#930,.F.);
#1215=ORIENTED_EDGE('',*,*,#931,.F.);
#1216=ORIENTED_EDGE('',*,*,#932,.F.);
#1217=ORIENTED_EDGE('',*,*,#931,.T.);
#1218=ORIENTED_EDGE('',*,*,#933,.F.);
#1219=ORIENTED_EDGE('',*,*,#934,.F.);
#1220=ORIENTED_EDGE('',*,*,#935,.F.);
#1221=ORIENTED_EDGE('',*,*,#934,.T.);
#1222=ORIENTED_EDGE('',*,*,#936,.F.);
#1223=ORIENTED_EDGE('',*,*,#937,.F.);
#1224=ORIENTED_EDGE('',*,*,#938,.F.);
#1225=ORIENTED_EDGE('',*,*,#937,.T.);
#1226=ORIENTED_EDGE('',*,*,#939,.F.);
#1227=ORIENTED_EDGE('',*,*,#929,.F.);
#1228=ORIENTED_EDGE('',*,*,#840,.F.);
#1229=ORIENTED_EDGE('',*,*,#940,.T.);
#1230=ORIENTED_EDGE('',*,*,#941,.F.);
#1231=ORIENTED_EDGE('',*,*,#942,.F.);
#1232=ORIENTED_EDGE('',*,*,#841,.F.);
#1233=ORIENTED_EDGE('',*,*,#942,.T.);
#1234=ORIENTED_EDGE('',*,*,#943,.F.);
#1235=ORIENTED_EDGE('',*,*,#944,.F.);
#1236=ORIENTED_EDGE('',*,*,#842,.F.);
#1237=ORIENTED_EDGE('',*,*,#944,.T.);
#1238=ORIENTED_EDGE('',*,*,#945,.F.);
#1239=ORIENTED_EDGE('',*,*,#946,.F.);
#1240=ORIENTED_EDGE('',*,*,#843,.F.);
#1241=ORIENTED_EDGE('',*,*,#946,.T.);
#1242=ORIENTED_EDGE('',*,*,#947,.F.);
#1243=ORIENTED_EDGE('',*,*,#940,.F.);
#1244=ORIENTED_EDGE('',*,*,#947,.T.);
#1245=ORIENTED_EDGE('',*,*,#945,.T.);
#1246=ORIENTED_EDGE('',*,*,#943,.T.);
#1247=ORIENTED_EDGE('',*,*,#941,.T.);
#1248=ORIENTED_EDGE('',*,*,#939,.T.);
#1249=ORIENTED_EDGE('',*,*,#936,.T.);
#1250=ORIENTED_EDGE('',*,*,#933,.T.);
#1251=ORIENTED_EDGE('',*,*,#930,.T.);
#1252=ORIENTED_EDGE('',*,*,#831,.F.);
#1253=ORIENTED_EDGE('',*,*,#948,.T.);
#1254=ORIENTED_EDGE('',*,*,#949,.F.);
#1255=ORIENTED_EDGE('',*,*,#838,.F.);
#1256=ORIENTED_EDGE('',*,*,#823,.F.);
#1257=ORIENTED_EDGE('',*,*,#837,.T.);
#1258=ORIENTED_EDGE('',*,*,#950,.F.);
#1259=ORIENTED_EDGE('',*,*,#948,.F.);
#1260=ORIENTED_EDGE('',*,*,#950,.T.);
#1261=ORIENTED_EDGE('',*,*,#836,.T.);
#1262=ORIENTED_EDGE('',*,*,#839,.T.);
#1263=ORIENTED_EDGE('',*,*,#949,.T.);
#1264=ORIENTED_EDGE('',*,*,#853,.T.);
#1265=ORIENTED_EDGE('',*,*,#856,.T.);
#1266=ORIENTED_EDGE('',*,*,#859,.T.);
#1267=ORIENTED_EDGE('',*,*,#862,.T.);
#1268=ORIENTED_EDGE('',*,*,#865,.T.);
#1269=ORIENTED_EDGE('',*,*,#868,.T.);
#1270=ORIENTED_EDGE('',*,*,#871,.T.);
#1271=ORIENTED_EDGE('',*,*,#874,.T.);
#1272=ORIENTED_EDGE('',*,*,#877,.T.);
#1273=ORIENTED_EDGE('',*,*,#880,.T.);
#1274=ORIENTED_EDGE('',*,*,#883,.T.);
#1275=ORIENTED_EDGE('',*,*,#886,.T.);
#1276=ORIENTED_EDGE('',*,*,#889,.T.);
#1277=ORIENTED_EDGE('',*,*,#892,.T.);
#1278=ORIENTED_EDGE('',*,*,#895,.T.);
#1279=ORIENTED_EDGE('',*,*,#898,.T.);
#1280=ORIENTED_EDGE('',*,*,#901,.T.);
#1281=ORIENTED_EDGE('',*,*,#904,.T.);
#1282=ORIENTED_EDGE('',*,*,#907,.T.);
#1283=ORIENTED_EDGE('',*,*,#910,.T.);
#1284=ORIENTED_EDGE('',*,*,#913,.T.);
#1285=ORIENTED_EDGE('',*,*,#916,.T.);
#1286=ORIENTED_EDGE('',*,*,#919,.T.);
#1287=ORIENTED_EDGE('',*,*,#922,.T.);
#1288=ORIENTED_EDGE('',*,*,#925,.T.);
#1289=ORIENTED_EDGE('',*,*,#847,.T.);
#1290=ORIENTED_EDGE('',*,*,#928,.T.);
#1291=ORIENTED_EDGE('',*,*,#932,.T.);
#1292=ORIENTED_EDGE('',*,*,#935,.T.);
#1293=ORIENTED_EDGE('',*,*,#938,.T.);
#1294=ORIENTED_EDGE('',*,*,#927,.T.);
#1295=ORIENTED_EDGE('',*,*,#924,.T.);
#1296=ORIENTED_EDGE('',*,*,#921,.T.);
#1297=ORIENTED_EDGE('',*,*,#918,.T.);
#1298=ORIENTED_EDGE('',*,*,#915,.T.);
#1299=ORIENTED_EDGE('',*,*,#912,.T.);
#1300=ORIENTED_EDGE('',*,*,#909,.T.);
#1301=ORIENTED_EDGE('',*,*,#906,.T.);
#1302=ORIENTED_EDGE('',*,*,#903,.T.);
#1303=ORIENTED_EDGE('',*,*,#900,.T.);
#1304=ORIENTED_EDGE('',*,*,#897,.T.);
#1305=ORIENTED_EDGE('',*,*,#894,.T.);
#1306=ORIENTED_EDGE('',*,*,#891,.T.);
#1307=ORIENTED_EDGE('',*,*,#888,.T.);
#1308=ORIENTED_EDGE('',*,*,#885,.T.);
#1309=ORIENTED_EDGE('',*,*,#882,.T.);
#1310=ORIENTED_EDGE('',*,*,#879,.T.);
#1311=ORIENTED_EDGE('',*,*,#876,.T.);
#1312=ORIENTED_EDGE('',*,*,#873,.T.);
#1313=ORIENTED_EDGE('',*,*,#870,.T.);
#1314=ORIENTED_EDGE('',*,*,#867,.T.);
#1315=ORIENTED_EDGE('',*,*,#864,.T.);
#1316=ORIENTED_EDGE('',*,*,#861,.T.);
#1317=ORIENTED_EDGE('',*,*,#858,.T.);
#1318=ORIENTED_EDGE('',*,*,#855,.T.);
#1319=ORIENTED_EDGE('',*,*,#951,.T.);
#1320=ORIENTED_EDGE('',*,*,#952,.T.);
#1321=ORIENTED_EDGE('',*,*,#953,.T.);
#1322=ORIENTED_EDGE('',*,*,#954,.T.);
#1323=ORIENTED_EDGE('',*,*,#955,.F.);
#1324=ORIENTED_EDGE('',*,*,#956,.F.);
#1325=ORIENTED_EDGE('',*,*,#957,.F.);
#1326=ORIENTED_EDGE('',*,*,#952,.F.);
#1327=ORIENTED_EDGE('',*,*,#957,.T.);
#1328=ORIENTED_EDGE('',*,*,#958,.F.);
#1329=ORIENTED_EDGE('',*,*,#959,.F.);
#1330=ORIENTED_EDGE('',*,*,#953,.F.);
#1331=ORIENTED_EDGE('',*,*,#959,.T.);
#1332=ORIENTED_EDGE('',*,*,#960,.F.);
#1333=ORIENTED_EDGE('',*,*,#961,.F.);
#1334=ORIENTED_EDGE('',*,*,#954,.F.);
#1335=ORIENTED_EDGE('',*,*,#961,.T.);
#1336=ORIENTED_EDGE('',*,*,#962,.F.);
#1337=ORIENTED_EDGE('',*,*,#955,.T.);
#1338=ORIENTED_EDGE('',*,*,#951,.F.);
#1339=ORIENTED_EDGE('',*,*,#962,.T.);
#1340=ORIENTED_EDGE('',*,*,#960,.T.);
#1341=ORIENTED_EDGE('',*,*,#958,.T.);
#1342=ORIENTED_EDGE('',*,*,#956,.T.);
#1343=PLANE('',#1483);
#1344=PLANE('',#1484);
#1345=PLANE('',#1485);
#1346=PLANE('',#1486);
#1347=PLANE('',#1487);
#1348=PLANE('',#1489);
#1349=PLANE('',#1491);
#1350=PLANE('',#1496);
#1351=PLANE('',#1497);
#1352=PLANE('',#1498);
#1353=PLANE('',#1499);
#1354=PLANE('',#1500);
#1355=PLANE('',#1501);
#1356=PLANE('',#1502);
#1357=PLANE('',#1503);
#1358=PLANE('',#1504);
#1359=PLANE('',#1505);
#1360=PLANE('',#1506);
#1361=PLANE('',#1507);
#1362=PLANE('',#1508);
#1363=PLANE('',#1509);
#1364=PLANE('',#1510);
#1365=PLANE('',#1511);
#1366=PLANE('',#1512);
#1367=PLANE('',#1513);
#1368=PLANE('',#1514);
#1369=PLANE('',#1522);
#1370=PLANE('',#1525);
#1371=PLANE('',#1601);
#1372=PLANE('',#1602);
#1373=PLANE('',#1603);
#1374=PLANE('',#1604);
#1375=PLANE('',#1605);
#1376=PLANE('',#1606);
#1377=PLANE('',#1607);
#1378=PLANE('',#1608);
#1379=PLANE('',#1609);
#1380=PLANE('',#1610);
#1381=PLANE('',#1611);
#1382=PLANE('',#1612);
#1383=PLANE('',#1613);
#1384=PLANE('',#1614);
#1385=PLANE('',#1615);
#1386=PLANE('',#1616);
#1387=PLANE('',#1617);
#1388=PLANE('',#1618);
#1389=PLANE('',#1619);
#1390=ADVANCED_FACE('',(#172),#1343,.T.);
#1391=ADVANCED_FACE('',(#173),#1344,.T.);
#1392=ADVANCED_FACE('',(#174),#1345,.T.);
#1393=ADVANCED_FACE('',(#175),#1346,.T.);
#1394=ADVANCED_FACE('',(#176,#49),#1347,.F.);
#1395=ADVANCED_FACE('',(#177,#50),#1348,.F.);
#1396=ADVANCED_FACE('',(#178,#51),#1349,.F.);
#1397=ADVANCED_FACE('',(#179),#19,.F.);
#1398=ADVANCED_FACE('',(#180),#20,.F.);
#1399=ADVANCED_FACE('',(#181),#1350,.F.);
#1400=ADVANCED_FACE('',(#182),#1351,.F.);
#1401=ADVANCED_FACE('',(#183),#1352,.F.);
#1402=ADVANCED_FACE('',(#184),#1353,.F.);
#1403=ADVANCED_FACE('',(#185,#52),#1354,.F.);
#1404=ADVANCED_FACE('',(#186),#1355,.F.);
#1405=ADVANCED_FACE('',(#187),#1356,.F.);
#1406=ADVANCED_FACE('',(#188,#53),#1357,.T.);
#1407=ADVANCED_FACE('',(#189,#54),#1358,.T.);
#1408=ADVANCED_FACE('',(#190),#1359,.T.);
#1409=ADVANCED_FACE('',(#191,#55),#1360,.T.);
#1410=ADVANCED_FACE('',(#192),#1361,.T.);
#1411=ADVANCED_FACE('',(#193),#1362,.T.);
#1412=ADVANCED_FACE('',(#194),#1363,.T.);
#1413=ADVANCED_FACE('',(#195),#1364,.T.);
#1414=ADVANCED_FACE('',(#196),#1365,.T.);
#1415=ADVANCED_FACE('',(#197),#1366,.T.);
#1416=ADVANCED_FACE('',(#198),#1367,.T.);
#1417=ADVANCED_FACE('',(#199,#56,#57),#1368,.F.);
#1418=ADVANCED_FACE('',(#200),#21,.F.);
#1419=ADVANCED_FACE('',(#201),#22,.F.);
#1420=ADVANCED_FACE('',(#202,#58),#1369,.T.);
#1421=ADVANCED_FACE('',(#203),#23,.T.);
#1422=ADVANCED_FACE('',(#204,#59),#1370,.T.);
#1423=ADVANCED_FACE('',(#205),#24,.F.);
#1424=ADVANCED_FACE('',(#206),#25,.F.);
#1425=ADVANCED_FACE('',(#207),#26,.F.);
#1426=ADVANCED_FACE('',(#208),#27,.F.);
#1427=ADVANCED_FACE('',(#209),#28,.F.);
#1428=ADVANCED_FACE('',(#210),#29,.F.);
#1429=ADVANCED_FACE('',(#211),#30,.F.);
#1430=ADVANCED_FACE('',(#212),#31,.F.);
#1431=ADVANCED_FACE('',(#213),#32,.F.);
#1432=ADVANCED_FACE('',(#214),#33,.F.);
#1433=ADVANCED_FACE('',(#215),#34,.F.);
#1434=ADVANCED_FACE('',(#216),#35,.F.);
#1435=ADVANCED_FACE('',(#217),#36,.F.);
#1436=ADVANCED_FACE('',(#218),#37,.F.);
#1437=ADVANCED_FACE('',(#219),#38,.F.);
#1438=ADVANCED_FACE('',(#220),#39,.F.);
#1439=ADVANCED_FACE('',(#221),#40,.F.);
#1440=ADVANCED_FACE('',(#222),#41,.F.);
#1441=ADVANCED_FACE('',(#223),#42,.F.);
#1442=ADVANCED_FACE('',(#224),#43,.F.);
#1443=ADVANCED_FACE('',(#225),#44,.F.);
#1444=ADVANCED_FACE('',(#226),#45,.F.);
#1445=ADVANCED_FACE('',(#227),#46,.F.);
#1446=ADVANCED_FACE('',(#228),#47,.F.);
#1447=ADVANCED_FACE('',(#229),#48,.F.);
#1448=ADVANCED_FACE('',(#230),#1371,.T.);
#1449=ADVANCED_FACE('',(#231),#1372,.T.);
#1450=ADVANCED_FACE('',(#232),#1373,.T.);
#1451=ADVANCED_FACE('',(#233),#1374,.T.);
#1452=ADVANCED_FACE('',(#234),#1375,.T.);
#1453=ADVANCED_FACE('',(#235),#1376,.T.);
#1454=ADVANCED_FACE('',(#236),#1377,.T.);
#1455=ADVANCED_FACE('',(#237),#1378,.T.);
#1456=ADVANCED_FACE('',(#238,#60),#1379,.T.);
#1457=ADVANCED_FACE('',(#239),#1380,.T.);
#1458=ADVANCED_FACE('',(#240),#1381,.T.);
#1459=ADVANCED_FACE('',(#241,#61,#62,#63,#64,#65,#66,#67,#68,#69,#70,#71,
#72,#73,#74,#75,#76,#77,#78,#79,#80,#81,#82,#83,#84,#85,#86),#1382,.T.);
#1460=ADVANCED_FACE('',(#242,#87,#88,#89,#90,#91,#92,#93,#94,#95,#96,#97,
#98,#99,#100,#101,#102,#103,#104,#105,#106,#107,#108,#109,#110,#111),#1383,
 .F.);
#1461=ADVANCED_FACE('',(#243),#1384,.T.);
#1462=ADVANCED_FACE('',(#244),#1385,.T.);
#1463=ADVANCED_FACE('',(#245),#1386,.T.);
#1464=ADVANCED_FACE('',(#246),#1387,.T.);
#1465=ADVANCED_FACE('',(#247),#1388,.T.);
#1466=ADVANCED_FACE('',(#248),#1389,.T.);
#1467=CLOSED_SHELL('',(#1390,#1391,#1392,#1393,#1394,#1395,#1396,#1397,
#1398,#1399,#1400,#1401,#1402,#1403,#1404,#1405,#1406,#1407,#1408,#1409,
#1410));
#1468=CLOSED_SHELL('',(#1411,#1412,#1413,#1414,#1415,#1416,#1417,#1418,
#1419,#1420,#1421,#1422,#1423,#1424,#1425,#1426,#1427,#1428,#1429,#1430,
#1431,#1432,#1433,#1434,#1435,#1436,#1437,#1438,#1439,#1440,#1441,#1442,
#1443,#1444,#1445,#1446,#1447,#1448,#1449,#1450,#1451,#1452,#1453,#1454,
#1455,#1456,#1457,#1458,#1459,#1460));
#1469=CLOSED_SHELL('',(#1461,#1462,#1463,#1464,#1465,#1466));
#1470=DERIVED_UNIT_ELEMENT(#1472,1.);
#1471=DERIVED_UNIT_ELEMENT(#2423,-3.);
#1472=(
MASS_UNIT()
NAMED_UNIT(*)
SI_UNIT(.KILO.,.GRAM.)
);
#1473=DERIVED_UNIT((#1470,#1471));
#1474=MEASURE_REPRESENTATION_ITEM('density measure',
POSITIVE_RATIO_MEASURE(7850.),#1473);
#1475=PROPERTY_DEFINITION_REPRESENTATION(#1480,#1477);
#1476=PROPERTY_DEFINITION_REPRESENTATION(#1481,#1478);
#1477=REPRESENTATION('material name',(#1479),#2420);
#1478=REPRESENTATION('density',(#1474),#2420);
#1479=DESCRIPTIVE_REPRESENTATION_ITEM('Stal','Stal');
#1480=PROPERTY_DEFINITION('material property','material name',#2430);
#1481=PROPERTY_DEFINITION('material property','density of part',#2430);
#1482=AXIS2_PLACEMENT_3D('',#2026,#1620,#1621);
#1483=AXIS2_PLACEMENT_3D('',#2027,#1622,#1623);
#1484=AXIS2_PLACEMENT_3D('',#2036,#1628,#1629);
#1485=AXIS2_PLACEMENT_3D('',#2042,#1633,#1634);
#1486=AXIS2_PLACEMENT_3D('',#2048,#1638,#1639);
#1487=AXIS2_PLACEMENT_3D('',#2051,#1642,#1643);
#1488=AXIS2_PLACEMENT_3D('',#2058,#1647,#1648);
#1489=AXIS2_PLACEMENT_3D('',#2059,#1649,#1650);
#1490=AXIS2_PLACEMENT_3D('',#2064,#1653,#1654);
#1491=AXIS2_PLACEMENT_3D('',#2065,#1655,#1656);
#1492=AXIS2_PLACEMENT_3D('',#2074,#1661,#1662);
#1493=AXIS2_PLACEMENT_3D('',#2076,#1663,#1664);
#1494=AXIS2_PLACEMENT_3D('',#2078,#1666,#1667);
#1495=AXIS2_PLACEMENT_3D('',#2080,#1668,#1669);
#1496=AXIS2_PLACEMENT_3D('',#2082,#1671,#1672);
#1497=AXIS2_PLACEMENT_3D('',#2091,#1677,#1678);
#1498=AXIS2_PLACEMENT_3D('',#2097,#1682,#1683);
#1499=AXIS2_PLACEMENT_3D('',#2103,#1687,#1688);
#1500=AXIS2_PLACEMENT_3D('',#2106,#1691,#1692);
#1501=AXIS2_PLACEMENT_3D('',#2110,#1695,#1696);
#1502=AXIS2_PLACEMENT_3D('',#2112,#1698,#1699);
#1503=AXIS2_PLACEMENT_3D('',#2113,#1700,#1701);
#1504=AXIS2_PLACEMENT_3D('',#2119,#1705,#1706);
#1505=AXIS2_PLACEMENT_3D('',#2123,#1709,#1710);
#1506=AXIS2_PLACEMENT_3D('',#2127,#1713,#1714);
#1507=AXIS2_PLACEMENT_3D('',#2129,#1716,#1717);
#1508=AXIS2_PLACEMENT_3D('',#2130,#1718,#1719);
#1509=AXIS2_PLACEMENT_3D('',#2139,#1724,#1725);
#1510=AXIS2_PLACEMENT_3D('',#2148,#1730,#1731);
#1511=AXIS2_PLACEMENT_3D('',#2151,#1734,#1735);
#1512=AXIS2_PLACEMENT_3D('',#2154,#1738,#1739);
#1513=AXIS2_PLACEMENT_3D('',#2160,#1743,#1744);
#1514=AXIS2_PLACEMENT_3D('',#2164,#1747,#1748);
#1515=AXIS2_PLACEMENT_3D('',#2174,#1753,#1754);
#1516=AXIS2_PLACEMENT_3D('',#2175,#1755,#1756);
#1517=AXIS2_PLACEMENT_3D('',#2177,#1757,#1758);
#1518=AXIS2_PLACEMENT_3D('',#2180,#1760,#1761);
#1519=AXIS2_PLACEMENT_3D('',#2181,#1762,#1763);
#1520=AXIS2_PLACEMENT_3D('',#2183,#1764,#1765);
#1521=AXIS2_PLACEMENT_3D('',#2186,#1767,#1768);
#1522=AXIS2_PLACEMENT_3D('',#2187,#1769,#1770);
#1523=AXIS2_PLACEMENT_3D('',#2188,#1771,#1772);
#1524=AXIS2_PLACEMENT_3D('',#2190,#1773,#1774);
#1525=AXIS2_PLACEMENT_3D('',#2192,#1776,#1777);
#1526=AXIS2_PLACEMENT_3D('',#2193,#1778,#1779);
#1527=AXIS2_PLACEMENT_3D('',#2195,#1780,#1781);
#1528=AXIS2_PLACEMENT_3D('',#2198,#1783,#1784);
#1529=AXIS2_PLACEMENT_3D('',#2199,#1785,#1786);
#1530=AXIS2_PLACEMENT_3D('',#2201,#1787,#1788);
#1531=AXIS2_PLACEMENT_3D('',#2204,#1790,#1791);
#1532=AXIS2_PLACEMENT_3D('',#2205,#1792,#1793);
#1533=AXIS2_PLACEMENT_3D('',#2207,#1794,#1795);
#1534=AXIS2_PLACEMENT_3D('',#2210,#1797,#1798);
#1535=AXIS2_PLACEMENT_3D('',#2211,#1799,#1800);
#1536=AXIS2_PLACEMENT_3D('',#2213,#1801,#1802);
#1537=AXIS2_PLACEMENT_3D('',#2216,#1804,#1805);
#1538=AXIS2_PLACEMENT_3D('',#2217,#1806,#1807);
#1539=AXIS2_PLACEMENT_3D('',#2219,#1808,#1809);
#1540=AXIS2_PLACEMENT_3D('',#2222,#1811,#1812);
#1541=AXIS2_PLACEMENT_3D('',#2223,#1813,#1814);
#1542=AXIS2_PLACEMENT_3D('',#2225,#1815,#1816);
#1543=AXIS2_PLACEMENT_3D('',#2228,#1818,#1819);
#1544=AXIS2_PLACEMENT_3D('',#2229,#1820,#1821);
#1545=AXIS2_PLACEMENT_3D('',#2231,#1822,#1823);
#1546=AXIS2_PLACEMENT_3D('',#2234,#1825,#1826);
#1547=AXIS2_PLACEMENT_3D('',#2235,#1827,#1828);
#1548=AXIS2_PLACEMENT_3D('',#2237,#1829,#1830);
#1549=AXIS2_PLACEMENT_3D('',#2240,#1832,#1833);
#1550=AXIS2_PLACEMENT_3D('',#2241,#1834,#1835);
#1551=AXIS2_PLACEMENT_3D('',#2243,#1836,#1837);
#1552=AXIS2_PLACEMENT_3D('',#2246,#1839,#1840);
#1553=AXIS2_PLACEMENT_3D('',#2247,#1841,#1842);
#1554=AXIS2_PLACEMENT_3D('',#2249,#1843,#1844);
#1555=AXIS2_PLACEMENT_3D('',#2252,#1846,#1847);
#1556=AXIS2_PLACEMENT_3D('',#2253,#1848,#1849);
#1557=AXIS2_PLACEMENT_3D('',#2255,#1850,#1851);
#1558=AXIS2_PLACEMENT_3D('',#2258,#1853,#1854);
#1559=AXIS2_PLACEMENT_3D('',#2259,#1855,#1856);
#1560=AXIS2_PLACEMENT_3D('',#2261,#1857,#1858);
#1561=AXIS2_PLACEMENT_3D('',#2264,#1860,#1861);
#1562=AXIS2_PLACEMENT_3D('',#2265,#1862,#1863);
#1563=AXIS2_PLACEMENT_3D('',#2267,#1864,#1865);
#1564=AXIS2_PLACEMENT_3D('',#2270,#1867,#1868);
#1565=AXIS2_PLACEMENT_3D('',#2271,#1869,#1870);
#1566=AXIS2_PLACEMENT_3D('',#2273,#1871,#1872);
#1567=AXIS2_PLACEMENT_3D('',#2276,#1874,#1875);
#1568=AXIS2_PLACEMENT_3D('',#2277,#1876,#1877);
#1569=AXIS2_PLACEMENT_3D('',#2279,#1878,#1879);
#1570=AXIS2_PLACEMENT_3D('',#2282,#1881,#1882);
#1571=AXIS2_PLACEMENT_3D('',#2283,#1883,#1884);
#1572=AXIS2_PLACEMENT_3D('',#2285,#1885,#1886);
#1573=AXIS2_PLACEMENT_3D('',#2288,#1888,#1889);
#1574=AXIS2_PLACEMENT_3D('',#2289,#1890,#1891);
#1575=AXIS2_PLACEMENT_3D('',#2291,#1892,#1893);
#1576=AXIS2_PLACEMENT_3D('',#2294,#1895,#1896);
#1577=AXIS2_PLACEMENT_3D('',#2295,#1897,#1898);
#1578=AXIS2_PLACEMENT_3D('',#2297,#1899,#1900);
#1579=AXIS2_PLACEMENT_3D('',#2300,#1902,#1903);
#1580=AXIS2_PLACEMENT_3D('',#2301,#1904,#1905);
#1581=AXIS2_PLACEMENT_3D('',#2303,#1906,#1907);
#1582=AXIS2_PLACEMENT_3D('',#2306,#1909,#1910);
#1583=AXIS2_PLACEMENT_3D('',#2307,#1911,#1912);
#1584=AXIS2_PLACEMENT_3D('',#2309,#1913,#1914);
#1585=AXIS2_PLACEMENT_3D('',#2312,#1916,#1917);
#1586=AXIS2_PLACEMENT_3D('',#2313,#1918,#1919);
#1587=AXIS2_PLACEMENT_3D('',#2315,#1920,#1921);
#1588=AXIS2_PLACEMENT_3D('',#2318,#1923,#1924);
#1589=AXIS2_PLACEMENT_3D('',#2319,#1925,#1926);
#1590=AXIS2_PLACEMENT_3D('',#2321,#1927,#1928);
#1591=AXIS2_PLACEMENT_3D('',#2324,#1930,#1931);
#1592=AXIS2_PLACEMENT_3D('',#2325,#1932,#1933);
#1593=AXIS2_PLACEMENT_3D('',#2327,#1934,#1935);
#1594=AXIS2_PLACEMENT_3D('',#2330,#1937,#1938);
#1595=AXIS2_PLACEMENT_3D('',#2331,#1939,#1940);
#1596=AXIS2_PLACEMENT_3D('',#2333,#1941,#1942);
#1597=AXIS2_PLACEMENT_3D('',#2336,#1944,#1945);
#1598=AXIS2_PLACEMENT_3D('',#2337,#1946,#1947);
#1599=AXIS2_PLACEMENT_3D('',#2339,#1948,#1949);
#1600=AXIS2_PLACEMENT_3D('',#2342,#1951,#1952);
#1601=AXIS2_PLACEMENT_3D('',#2343,#1953,#1954);
#1602=AXIS2_PLACEMENT_3D('',#2352,#1959,#1960);
#1603=AXIS2_PLACEMENT_3D('',#2358,#1964,#1965);
#1604=AXIS2_PLACEMENT_3D('',#2364,#1969,#1970);
#1605=AXIS2_PLACEMENT_3D('',#2367,#1973,#1974);
#1606=AXIS2_PLACEMENT_3D('',#2373,#1978,#1979);
#1607=AXIS2_PLACEMENT_3D('',#2377,#1982,#1983);
#1608=AXIS2_PLACEMENT_3D('',#2381,#1986,#1987);
#1609=AXIS2_PLACEMENT_3D('',#2383,#1989,#1990);
#1610=AXIS2_PLACEMENT_3D('',#2384,#1991,#1992);
#1611=AXIS2_PLACEMENT_3D('',#2388,#1995,#1996);
#1612=AXIS2_PLACEMENT_3D('',#2390,#1998,#1999);
#1613=AXIS2_PLACEMENT_3D('',#2391,#2000,#2001);
#1614=AXIS2_PLACEMENT_3D('',#2392,#2002,#2003);
#1615=AXIS2_PLACEMENT_3D('',#2401,#2008,#2009);
#1616=AXIS2_PLACEMENT_3D('',#2407,#2013,#2014);
#1617=AXIS2_PLACEMENT_3D('',#2411,#2017,#2018);
#1618=AXIS2_PLACEMENT_3D('',#2415,#2021,#2022);
#1619=AXIS2_PLACEMENT_3D('',#2417,#2024,#2025);
#1620=DIRECTION('axis',(0.,0.,1.));
#1621=DIRECTION('refdir',(1.,0.,0.));
#1622=DIRECTION('center_axis',(0.707106781186548,-0.707106781186547,-3.31577977960526E-33));
#1623=DIRECTION('ref_axis',(-4.68922073416023E-33,0.,-1.));
#1624=DIRECTION('',(-4.68922073416023E-33,0.,-1.));
#1625=DIRECTION('',(0.577350269189628,0.577350269189625,0.577350269189624));
#1626=DIRECTION('',(4.68922073416023E-33,0.,1.));
#1627=DIRECTION('',(-0.577350269189626,-0.577350269189627,0.577350269189625));
#1628=DIRECTION('center_axis',(0.,-0.707106781186547,0.707106781186548));
#1629=DIRECTION('ref_axis',(1.,0.,0.));
#1630=DIRECTION('',(1.,0.,0.));
#1631=DIRECTION('',(-0.577350269189629,0.577350269189625,0.577350269189623));
#1632=DIRECTION('',(-1.,0.,0.));
#1633=DIRECTION('center_axis',(-0.707106781186546,-0.707106781186549,0.));
#1634=DIRECTION('ref_axis',(0.,0.,1.));
#1635=DIRECTION('',(0.,0.,-1.));
#1636=DIRECTION('',(0.,0.,1.));
#1637=DIRECTION('',(-0.577350269189629,0.577350269189625,-0.577350269189623));
#1638=DIRECTION('center_axis',(0.,-0.707106781186546,-0.707106781186549));
#1639=DIRECTION('ref_axis',(-1.,0.,0.));
#1640=DIRECTION('',(-1.,0.,0.));
#1641=DIRECTION('',(1.,0.,0.));
#1642=DIRECTION('center_axis',(0.,0.,1.));
#1643=DIRECTION('ref_axis',(1.,0.,0.));
#1644=DIRECTION('',(0.,1.,0.));
#1645=DIRECTION('',(-1.,0.,0.));
#1646=DIRECTION('',(0.,-1.,0.));
#1647=DIRECTION('center_axis',(0.,0.,1.));
#1648=DIRECTION('ref_axis',(-1.,0.,0.));
#1649=DIRECTION('center_axis',(-1.,0.,4.68922073416023E-33));
#1650=DIRECTION('ref_axis',(4.68922073416023E-33,0.,1.));
#1651=DIRECTION('',(0.,-1.,0.));
#1652=DIRECTION('',(-4.68922073416023E-33,0.,-1.));
#1653=DIRECTION('center_axis',(-1.,0.,4.68922073416023E-33));
#1654=DIRECTION('ref_axis',(0.,-1.,0.));
#1655=DIRECTION('center_axis',(0.,1.,0.));
#1656=DIRECTION('ref_axis',(1.,0.,0.));
#1657=DIRECTION('',(-1.,0.,0.));
#1658=DIRECTION('',(-4.68922073416023E-33,0.,-1.));
#1659=DIRECTION('',(1.,0.,0.));
#1660=DIRECTION('',(0.,0.,1.));
#1661=DIRECTION('center_axis',(1.,0.,0.));
#1662=DIRECTION('ref_axis',(0.,-1.,0.));
#1663=DIRECTION('center_axis',(1.,0.,-4.68922073416023E-33));
#1664=DIRECTION('ref_axis',(0.,-1.,0.));
#1665=DIRECTION('',(1.,0.,0.));
#1666=DIRECTION('center_axis',(0.,0.,-1.));
#1667=DIRECTION('ref_axis',(-1.,0.,0.));
#1668=DIRECTION('center_axis',(0.,0.,-1.));
#1669=DIRECTION('ref_axis',(-1.,0.,0.));
#1670=DIRECTION('',(0.,0.,-1.));
#1671=DIRECTION('center_axis',(-1.,0.,0.));
#1672=DIRECTION('ref_axis',(0.,-1.,0.));
#1673=DIRECTION('',(0.,-1.,0.));
#1674=DIRECTION('',(0.,0.,1.));
#1675=DIRECTION('',(0.,1.,0.));
#1676=DIRECTION('',(0.,0.,1.));
#1677=DIRECTION('center_axis',(0.,1.,0.));
#1678=DIRECTION('ref_axis',(-1.,0.,0.));
#1679=DIRECTION('',(-1.,0.,0.));
#1680=DIRECTION('',(0.,0.,1.));
#1681=DIRECTION('',(1.,0.,0.));
#1682=DIRECTION('center_axis',(1.,0.,0.));
#1683=DIRECTION('ref_axis',(0.,1.,0.));
#1684=DIRECTION('',(0.,1.,0.));
#1685=DIRECTION('',(0.,0.,1.));
#1686=DIRECTION('',(0.,-1.,0.));
#1687=DIRECTION('center_axis',(0.,-1.,0.));
#1688=DIRECTION('ref_axis',(1.,0.,0.));
#1689=DIRECTION('',(1.,0.,0.));
#1690=DIRECTION('',(-1.,0.,0.));
#1691=DIRECTION('center_axis',(0.,0.,-1.));
#1692=DIRECTION('ref_axis',(-1.,0.,0.));
#1693=DIRECTION('',(0.,-1.,0.));
#1694=DIRECTION('',(1.,0.,0.));
#1695=DIRECTION('center_axis',(1.,0.,0.));
#1696=DIRECTION('ref_axis',(0.,0.,-1.));
#1697=DIRECTION('',(0.,0.,1.));
#1698=DIRECTION('center_axis',(0.,1.,0.));
#1699=DIRECTION('ref_axis',(0.,0.,1.));
#1700=DIRECTION('center_axis',(-1.,0.,4.68922073416023E-33));
#1701=DIRECTION('ref_axis',(4.68922073416023E-33,0.,1.));
#1702=DIRECTION('',(0.,1.,0.));
#1703=DIRECTION('',(4.68922073416023E-33,0.,1.));
#1704=DIRECTION('',(0.,1.,0.));
#1705=DIRECTION('center_axis',(0.,0.,-1.));
#1706=DIRECTION('ref_axis',(-1.,0.,0.));
#1707=DIRECTION('',(-1.,0.,0.));
#1708=DIRECTION('',(0.,1.,0.));
#1709=DIRECTION('center_axis',(1.,0.,0.));
#1710=DIRECTION('ref_axis',(0.,0.,-1.));
#1711=DIRECTION('',(0.,0.,-1.));
#1712=DIRECTION('',(0.,1.,0.));
#1713=DIRECTION('center_axis',(0.,0.,1.));
#1714=DIRECTION('ref_axis',(1.,0.,0.));
#1715=DIRECTION('',(1.,0.,0.));
#1716=DIRECTION('center_axis',(0.,1.,0.));
#1717=DIRECTION('ref_axis',(0.,0.,1.));
#1718=DIRECTION('center_axis',(0.707106781186548,0.707106781186548,0.));
#1719=DIRECTION('ref_axis',(0.,0.,-1.));
#1720=DIRECTION('',(0.,0.,-1.));
#1721=DIRECTION('',(-0.577350269189626,0.577350269189626,0.577350269189626));
#1722=DIRECTION('',(0.,0.,1.));
#1723=DIRECTION('',(0.577350269189626,-0.577350269189626,0.577350269189626));
#1724=DIRECTION('center_axis',(-0.707106781186546,0.707106781186549,-2.20518603747721E-17));
#1725=DIRECTION('ref_axis',(-3.11860400175606E-17,0.,1.));
#1726=DIRECTION('',(3.11860400175606E-17,0.,-1.));
#1727=DIRECTION('',(-0.577350269189627,-0.577350269189625,-0.577350269189626));
#1728=DIRECTION('',(-3.11860400175606E-17,0.,1.));
#1729=DIRECTION('',(-0.577350269189628,-0.577350269189625,0.577350269189625));
#1730=DIRECTION('center_axis',(-6.26946641488312E-17,0.707106781186548,
-0.707106781186547));
#1731=DIRECTION('ref_axis',(-1.,0.,8.86636443277035E-17));
#1732=DIRECTION('',(-1.,0.,8.86636443277035E-17));
#1733=DIRECTION('',(1.,0.,-8.86636443277035E-17));
#1734=DIRECTION('center_axis',(0.,0.707106781186548,0.707106781186548));
#1735=DIRECTION('ref_axis',(1.,0.,0.));
#1736=DIRECTION('',(1.,0.,0.));
#1737=DIRECTION('',(-1.,0.,0.));
#1738=DIRECTION('center_axis',(0.,0.,1.));
#1739=DIRECTION('ref_axis',(-1.,0.,0.));
#1740=DIRECTION('',(0.,-1.,0.));
#1741=DIRECTION('',(-1.,0.,0.));
#1742=DIRECTION('',(0.,-1.,0.));
#1743=DIRECTION('center_axis',(-1.,0.,-3.11860400175606E-17));
#1744=DIRECTION('ref_axis',(3.11860400175606E-17,0.,-1.));
#1745=DIRECTION('',(0.,-1.,0.));
#1746=DIRECTION('',(3.11860400175606E-17,0.,-1.));
#1747=DIRECTION('center_axis',(0.,-1.,0.));
#1748=DIRECTION('ref_axis',(1.,0.,0.));
#1749=DIRECTION('',(1.,0.,0.));
#1750=DIRECTION('',(0.,0.,1.));
#1751=DIRECTION('',(-1.,0.,0.));
#1752=DIRECTION('',(0.,0.,-1.));
#1753=DIRECTION('center_axis',(0.,-1.,0.));
#1754=DIRECTION('ref_axis',(-1.,0.,0.));
#1755=DIRECTION('center_axis',(0.,-1.,0.));
#1756=DIRECTION('ref_axis',(-1.,0.,0.));
#1757=DIRECTION('center_axis',(0.,-1.,0.));
#1758=DIRECTION('ref_axis',(-1.,0.,0.));
#1759=DIRECTION('',(0.,-1.,0.));
#1760=DIRECTION('center_axis',(0.,1.,0.));
#1761=DIRECTION('ref_axis',(-1.,0.,0.));
#1762=DIRECTION('center_axis',(0.,-1.,0.));
#1763=DIRECTION('ref_axis',(-1.,0.,0.));
#1764=DIRECTION('center_axis',(0.,-1.,0.));
#1765=DIRECTION('ref_axis',(-1.,0.,0.));
#1766=DIRECTION('',(0.,-1.,0.));
#1767=DIRECTION('center_axis',(0.,-1.,0.));
#1768=DIRECTION('ref_axis',(-1.,0.,0.));
#1769=DIRECTION('center_axis',(0.,1.,0.));
#1770=DIRECTION('ref_axis',(-1.,0.,0.));
#1771=DIRECTION('center_axis',(0.,1.,0.));
#1772=DIRECTION('ref_axis',(-1.,0.,0.));
#1773=DIRECTION('center_axis',(0.,1.,0.));
#1774=DIRECTION('ref_axis',(-1.,0.,0.));
#1775=DIRECTION('',(0.,-1.,0.));
#1776=DIRECTION('center_axis',(0.,1.,0.));
#1777=DIRECTION('ref_axis',(-1.,0.,0.));
#1778=DIRECTION('center_axis',(0.,1.,0.));
#1779=DIRECTION('ref_axis',(1.,0.,0.));
#1780=DIRECTION('center_axis',(0.,1.,0.));
#1781=DIRECTION('ref_axis',(1.,0.,0.));
#1782=DIRECTION('',(0.,1.,0.));
#1783=DIRECTION('center_axis',(0.,-1.,0.));
#1784=DIRECTION('ref_axis',(1.,0.,0.));
#1785=DIRECTION('center_axis',(0.,1.,0.));
#1786=DIRECTION('ref_axis',(1.,0.,0.));
#1787=DIRECTION('center_axis',(0.,1.,0.));
#1788=DIRECTION('ref_axis',(1.,0.,0.));
#1789=DIRECTION('',(0.,1.,0.));
#1790=DIRECTION('center_axis',(0.,-1.,0.));
#1791=DIRECTION('ref_axis',(1.,0.,0.));
#1792=DIRECTION('center_axis',(0.,1.,0.));
#1793=DIRECTION('ref_axis',(1.,0.,0.));
#1794=DIRECTION('center_axis',(0.,1.,0.));
#1795=DIRECTION('ref_axis',(1.,0.,0.));
#1796=DIRECTION('',(0.,1.,0.));
#1797=DIRECTION('center_axis',(0.,-1.,0.));
#1798=DIRECTION('ref_axis',(1.,0.,0.));
#1799=DIRECTION('center_axis',(0.,1.,0.));
#1800=DIRECTION('ref_axis',(1.,0.,0.));
#1801=DIRECTION('center_axis',(0.,1.,0.));
#1802=DIRECTION('ref_axis',(1.,0.,0.));
#1803=DIRECTION('',(0.,1.,0.));
#1804=DIRECTION('center_axis',(0.,-1.,0.));
#1805=DIRECTION('ref_axis',(1.,0.,0.));
#1806=DIRECTION('center_axis',(0.,1.,0.));
#1807=DIRECTION('ref_axis',(1.,0.,0.));
#1808=DIRECTION('center_axis',(0.,1.,0.));
#1809=DIRECTION('ref_axis',(1.,0.,0.));
#1810=DIRECTION('',(0.,1.,0.));
#1811=DIRECTION('center_axis',(0.,-1.,0.));
#1812=DIRECTION('ref_axis',(1.,0.,0.));
#1813=DIRECTION('center_axis',(0.,1.,0.));
#1814=DIRECTION('ref_axis',(1.,0.,0.));
#1815=DIRECTION('center_axis',(0.,1.,0.));
#1816=DIRECTION('ref_axis',(1.,0.,0.));
#1817=DIRECTION('',(0.,1.,0.));
#1818=DIRECTION('center_axis',(0.,-1.,0.));
#1819=DIRECTION('ref_axis',(1.,0.,0.));
#1820=DIRECTION('center_axis',(0.,1.,0.));
#1821=DIRECTION('ref_axis',(1.,0.,0.));
#1822=DIRECTION('center_axis',(0.,1.,0.));
#1823=DIRECTION('ref_axis',(1.,0.,0.));
#1824=DIRECTION('',(0.,1.,0.));
#1825=DIRECTION('center_axis',(0.,-1.,0.));
#1826=DIRECTION('ref_axis',(1.,0.,0.));
#1827=DIRECTION('center_axis',(0.,1.,0.));
#1828=DIRECTION('ref_axis',(1.,0.,0.));
#1829=DIRECTION('center_axis',(0.,1.,0.));
#1830=DIRECTION('ref_axis',(1.,0.,0.));
#1831=DIRECTION('',(0.,1.,0.));
#1832=DIRECTION('center_axis',(0.,-1.,0.));
#1833=DIRECTION('ref_axis',(1.,0.,0.));
#1834=DIRECTION('center_axis',(0.,1.,0.));
#1835=DIRECTION('ref_axis',(1.,0.,0.));
#1836=DIRECTION('center_axis',(0.,1.,0.));
#1837=DIRECTION('ref_axis',(1.,0.,0.));
#1838=DIRECTION('',(0.,1.,0.));
#1839=DIRECTION('center_axis',(0.,-1.,0.));
#1840=DIRECTION('ref_axis',(1.,0.,0.));
#1841=DIRECTION('center_axis',(0.,1.,0.));
#1842=DIRECTION('ref_axis',(1.,0.,0.));
#1843=DIRECTION('center_axis',(0.,1.,0.));
#1844=DIRECTION('ref_axis',(1.,0.,0.));
#1845=DIRECTION('',(0.,1.,0.));
#1846=DIRECTION('center_axis',(0.,-1.,0.));
#1847=DIRECTION('ref_axis',(1.,0.,0.));
#1848=DIRECTION('center_axis',(0.,1.,0.));
#1849=DIRECTION('ref_axis',(1.,0.,0.));
#1850=DIRECTION('center_axis',(0.,1.,0.));
#1851=DIRECTION('ref_axis',(1.,0.,0.));
#1852=DIRECTION('',(0.,1.,0.));
#1853=DIRECTION('center_axis',(0.,-1.,0.));
#1854=DIRECTION('ref_axis',(1.,0.,0.));
#1855=DIRECTION('center_axis',(0.,1.,0.));
#1856=DIRECTION('ref_axis',(1.,0.,0.));
#1857=DIRECTION('center_axis',(0.,1.,0.));
#1858=DIRECTION('ref_axis',(1.,0.,0.));
#1859=DIRECTION('',(0.,1.,0.));
#1860=DIRECTION('center_axis',(0.,-1.,0.));
#1861=DIRECTION('ref_axis',(1.,0.,0.));
#1862=DIRECTION('center_axis',(0.,1.,0.));
#1863=DIRECTION('ref_axis',(1.,0.,0.));
#1864=DIRECTION('center_axis',(0.,1.,0.));
#1865=DIRECTION('ref_axis',(1.,0.,0.));
#1866=DIRECTION('',(0.,1.,0.));
#1867=DIRECTION('center_axis',(0.,-1.,0.));
#1868=DIRECTION('ref_axis',(1.,0.,0.));
#1869=DIRECTION('center_axis',(0.,1.,0.));
#1870=DIRECTION('ref_axis',(1.,0.,0.));
#1871=DIRECTION('center_axis',(0.,1.,0.));
#1872=DIRECTION('ref_axis',(1.,0.,0.));
#1873=DIRECTION('',(0.,1.,0.));
#1874=DIRECTION('center_axis',(0.,-1.,0.));
#1875=DIRECTION('ref_axis',(1.,0.,0.));
#1876=DIRECTION('center_axis',(0.,1.,0.));
#1877=DIRECTION('ref_axis',(1.,0.,0.));
#1878=DIRECTION('center_axis',(0.,1.,0.));
#1879=DIRECTION('ref_axis',(1.,0.,0.));
#1880=DIRECTION('',(0.,1.,0.));
#1881=DIRECTION('center_axis',(0.,-1.,0.));
#1882=DIRECTION('ref_axis',(1.,0.,0.));
#1883=DIRECTION('center_axis',(0.,1.,0.));
#1884=DIRECTION('ref_axis',(1.,0.,0.));
#1885=DIRECTION('center_axis',(0.,1.,0.));
#1886=DIRECTION('ref_axis',(1.,0.,0.));
#1887=DIRECTION('',(0.,1.,0.));
#1888=DIRECTION('center_axis',(0.,-1.,0.));
#1889=DIRECTION('ref_axis',(1.,0.,0.));
#1890=DIRECTION('center_axis',(0.,1.,0.));
#1891=DIRECTION('ref_axis',(1.,0.,0.));
#1892=DIRECTION('center_axis',(0.,1.,0.));
#1893=DIRECTION('ref_axis',(1.,0.,0.));
#1894=DIRECTION('',(0.,1.,0.));
#1895=DIRECTION('center_axis',(0.,-1.,0.));
#1896=DIRECTION('ref_axis',(1.,0.,0.));
#1897=DIRECTION('center_axis',(0.,1.,0.));
#1898=DIRECTION('ref_axis',(1.,0.,0.));
#1899=DIRECTION('center_axis',(0.,1.,0.));
#1900=DIRECTION('ref_axis',(1.,0.,0.));
#1901=DIRECTION('',(0.,1.,0.));
#1902=DIRECTION('center_axis',(0.,-1.,0.));
#1903=DIRECTION('ref_axis',(1.,0.,0.));
#1904=DIRECTION('center_axis',(0.,1.,0.));
#1905=DIRECTION('ref_axis',(1.,0.,0.));
#1906=DIRECTION('center_axis',(0.,1.,0.));
#1907=DIRECTION('ref_axis',(1.,0.,0.));
#1908=DIRECTION('',(0.,1.,0.));
#1909=DIRECTION('center_axis',(0.,-1.,0.));
#1910=DIRECTION('ref_axis',(1.,0.,0.));
#1911=DIRECTION('center_axis',(0.,1.,0.));
#1912=DIRECTION('ref_axis',(1.,0.,0.));
#1913=DIRECTION('center_axis',(0.,1.,0.));
#1914=DIRECTION('ref_axis',(1.,0.,0.));
#1915=DIRECTION('',(0.,1.,0.));
#1916=DIRECTION('center_axis',(0.,-1.,0.));
#1917=DIRECTION('ref_axis',(1.,0.,0.));
#1918=DIRECTION('center_axis',(0.,1.,0.));
#1919=DIRECTION('ref_axis',(1.,0.,0.));
#1920=DIRECTION('center_axis',(0.,1.,0.));
#1921=DIRECTION('ref_axis',(1.,0.,0.));
#1922=DIRECTION('',(0.,1.,0.));
#1923=DIRECTION('center_axis',(0.,-1.,0.));
#1924=DIRECTION('ref_axis',(1.,0.,0.));
#1925=DIRECTION('center_axis',(0.,1.,0.));
#1926=DIRECTION('ref_axis',(1.,0.,0.));
#1927=DIRECTION('center_axis',(0.,1.,0.));
#1928=DIRECTION('ref_axis',(1.,0.,0.));
#1929=DIRECTION('',(0.,1.,0.));
#1930=DIRECTION('center_axis',(0.,-1.,0.));
#1931=DIRECTION('ref_axis',(1.,0.,0.));
#1932=DIRECTION('center_axis',(0.,1.,0.));
#1933=DIRECTION('ref_axis',(1.,0.,0.));
#1934=DIRECTION('center_axis',(0.,1.,0.));
#1935=DIRECTION('ref_axis',(1.,0.,0.));
#1936=DIRECTION('',(0.,1.,0.));
#1937=DIRECTION('center_axis',(0.,-1.,0.));
#1938=DIRECTION('ref_axis',(1.,0.,0.));
#1939=DIRECTION('center_axis',(0.,1.,0.));
#1940=DIRECTION('ref_axis',(1.,0.,0.));
#1941=DIRECTION('center_axis',(0.,1.,0.));
#1942=DIRECTION('ref_axis',(1.,0.,0.));
#1943=DIRECTION('',(0.,1.,0.));
#1944=DIRECTION('center_axis',(0.,-1.,0.));
#1945=DIRECTION('ref_axis',(1.,0.,0.));
#1946=DIRECTION('center_axis',(0.,1.,0.));
#1947=DIRECTION('ref_axis',(1.,0.,0.));
#1948=DIRECTION('center_axis',(0.,1.,0.));
#1949=DIRECTION('ref_axis',(1.,0.,0.));
#1950=DIRECTION('',(0.,1.,0.));
#1951=DIRECTION('center_axis',(0.,-1.,0.));
#1952=DIRECTION('ref_axis',(1.,0.,0.));
#1953=DIRECTION('center_axis',(0.,0.,1.));
#1954=DIRECTION('ref_axis',(1.,0.,0.));
#1955=DIRECTION('',(-1.,0.,0.));
#1956=DIRECTION('',(0.,1.,0.));
#1957=DIRECTION('',(1.,0.,0.));
#1958=DIRECTION('',(0.,1.,0.));
#1959=DIRECTION('center_axis',(1.,0.,-7.04903507698512E-17));
#1960=DIRECTION('ref_axis',(-7.04903507698512E-17,0.,-1.));
#1961=DIRECTION('',(7.04903507698512E-17,0.,1.));
#1962=DIRECTION('',(-7.04903507698512E-17,0.,-1.));
#1963=DIRECTION('',(0.,1.,0.));
#1964=DIRECTION('center_axis',(0.,0.,-1.));
#1965=DIRECTION('ref_axis',(-1.,0.,0.));
#1966=DIRECTION('',(1.,0.,0.));
#1967=DIRECTION('',(-1.,0.,0.));
#1968=DIRECTION('',(0.,1.,0.));
#1969=DIRECTION('center_axis',(-1.,0.,1.40980701539702E-16));
#1970=DIRECTION('ref_axis',(1.40980701539702E-16,0.,1.));
#1971=DIRECTION('',(-1.40980701539702E-16,0.,-1.));
#1972=DIRECTION('',(1.40980701539702E-16,0.,1.));
#1973=DIRECTION('center_axis',(0.,0.,-1.));
#1974=DIRECTION('ref_axis',(-1.,0.,0.));
#1975=DIRECTION('',(0.,1.,0.));
#1976=DIRECTION('',(-1.,0.,0.));
#1977=DIRECTION('',(0.,1.,0.));
#1978=DIRECTION('center_axis',(1.,0.,0.));
#1979=DIRECTION('ref_axis',(0.,0.,-1.));
#1980=DIRECTION('',(0.,0.,-1.));
#1981=DIRECTION('',(0.,1.,0.));
#1982=DIRECTION('center_axis',(0.,0.,1.));
#1983=DIRECTION('ref_axis',(1.,0.,0.));
#1984=DIRECTION('',(1.,0.,0.));
#1985=DIRECTION('',(0.,1.,0.));
#1986=DIRECTION('center_axis',(-1.,0.,0.));
#1987=DIRECTION('ref_axis',(0.,0.,1.));
#1988=DIRECTION('',(0.,0.,1.));
#1989=DIRECTION('center_axis',(0.,1.,0.));
#1990=DIRECTION('ref_axis',(0.,0.,1.));
#1991=DIRECTION('center_axis',(-8.86636443277035E-17,0.,-1.));
#1992=DIRECTION('ref_axis',(1.,0.,-8.86636443277035E-17));
#1993=DIRECTION('',(0.,-1.,0.));
#1994=DIRECTION('',(1.,0.,-8.86636443277035E-17));
#1995=DIRECTION('center_axis',(1.,0.,0.));
#1996=DIRECTION('ref_axis',(0.,0.,1.));
#1997=DIRECTION('',(0.,0.,1.));
#1998=DIRECTION('center_axis',(0.,-1.,0.));
#1999=DIRECTION('ref_axis',(0.,0.,-1.));
#2000=DIRECTION('center_axis',(0.,-1.,0.));
#2001=DIRECTION('ref_axis',(1.,0.,0.));
#2002=DIRECTION('center_axis',(0.,-1.,0.));
#2003=DIRECTION('ref_axis',(0.,0.,-1.));
#2004=DIRECTION('',(1.,0.,0.));
#2005=DIRECTION('',(0.,0.,1.));
#2006=DIRECTION('',(-1.,0.,0.));
#2007=DIRECTION('',(0.,0.,-1.));
#2008=DIRECTION('center_axis',(1.,0.,0.));
#2009=DIRECTION('ref_axis',(0.,0.,-1.));
#2010=DIRECTION('',(0.,-1.,0.));
#2011=DIRECTION('',(0.,0.,-1.));
#2012=DIRECTION('',(0.,1.,0.));
#2013=DIRECTION('center_axis',(0.,0.,1.));
#2014=DIRECTION('ref_axis',(1.,0.,0.));
#2015=DIRECTION('',(1.,0.,0.));
#2016=DIRECTION('',(0.,1.,0.));
#2017=DIRECTION('center_axis',(-1.,0.,0.));
#2018=DIRECTION('ref_axis',(0.,0.,1.));
#2019=DIRECTION('',(0.,0.,1.));
#2020=DIRECTION('',(0.,1.,0.));
#2021=DIRECTION('center_axis',(0.,0.,-1.));
#2022=DIRECTION('ref_axis',(-1.,0.,0.));
#2023=DIRECTION('',(-1.,0.,0.));
#2024=DIRECTION('center_axis',(0.,1.,0.));
#2025=DIRECTION('ref_axis',(0.,0.,1.));
#2026=CARTESIAN_POINT('',(0.,0.,0.));
#2027=CARTESIAN_POINT('Origin',(1.5,0.5,23.));
#2028=CARTESIAN_POINT('',(1.,0.,91.));
#2029=CARTESIAN_POINT('',(0.999999999999996,0.,1.));
#2030=CARTESIAN_POINT('',(1.,0.,23.));
#2031=CARTESIAN_POINT('',(2.,1.,2.));
#2032=CARTESIAN_POINT('',(0.999999999999996,0.,1.));
#2033=CARTESIAN_POINT('',(2.,1.,90.));
#2034=CARTESIAN_POINT('',(2.,1.,23.));
#2035=CARTESIAN_POINT('',(2.,1.,90.));
#2036=CARTESIAN_POINT('Origin',(56.25,0.5,1.5));
#2037=CARTESIAN_POINT('',(74.,0.,0.999999999999996));
#2038=CARTESIAN_POINT('',(56.25,0.,1.));
#2039=CARTESIAN_POINT('',(73.,1.,1.99999999999999));
#2040=CARTESIAN_POINT('',(74.,0.,0.999999999999996));
#2041=CARTESIAN_POINT('',(56.25,1.,2.));
#2042=CARTESIAN_POINT('Origin',(73.5,0.5,69.));
#2043=CARTESIAN_POINT('',(73.,1.,90.));
#2044=CARTESIAN_POINT('',(73.,1.,69.));
#2045=CARTESIAN_POINT('',(74.,0.,91.));
#2046=CARTESIAN_POINT('',(74.,0.,69.));
#2047=CARTESIAN_POINT('',(74.,0.,91.));
#2048=CARTESIAN_POINT('Origin',(18.75,0.5,90.5));
#2049=CARTESIAN_POINT('',(18.75,0.,91.));
#2050=CARTESIAN_POINT('',(18.75,1.,90.));
#2051=CARTESIAN_POINT('Origin',(0.,0.,90.));
#2052=CARTESIAN_POINT('',(2.,36.,90.));
#2053=CARTESIAN_POINT('',(2.,0.,90.));
#2054=CARTESIAN_POINT('',(73.,36.,90.));
#2055=CARTESIAN_POINT('',(18.75,36.,90.));
#2056=CARTESIAN_POINT('',(73.,0.,90.));
#2057=CARTESIAN_POINT('',(72.2500010281801,31.000000461936,90.));
#2058=CARTESIAN_POINT('Origin',(69.0000010281801,31.000000461936,90.));
#2059=CARTESIAN_POINT('Origin',(2.,0.,-9.37844146832045E-33));
#2060=CARTESIAN_POINT('',(2.,36.,2.));
#2061=CARTESIAN_POINT('',(2.,0.,2.));
#2062=CARTESIAN_POINT('',(2.,36.,23.));
#2063=CARTESIAN_POINT('',(2.,14.7500001788139,33.0000004917383));
#2064=CARTESIAN_POINT('Origin',(2.,10.0000001788139,33.0000004917383));
#2065=CARTESIAN_POINT('Origin',(37.5,0.,46.));
#2066=CARTESIAN_POINT('',(75.,0.,92.));
#2067=CARTESIAN_POINT('',(4.31408307542741E-31,0.,92.));
#2068=CARTESIAN_POINT('',(75.,0.,92.));
#2069=CARTESIAN_POINT('',(0.,0.,0.));
#2070=CARTESIAN_POINT('',(4.31408307542741E-31,0.,92.));
#2071=CARTESIAN_POINT('',(75.,0.,0.));
#2072=CARTESIAN_POINT('',(0.,0.,0.));
#2073=CARTESIAN_POINT('',(75.,0.,0.));
#2074=CARTESIAN_POINT('Origin',(0.,10.0000001788139,33.0000004917383));
#2075=CARTESIAN_POINT('',(0.,14.7500001788139,33.0000004917383));
#2076=CARTESIAN_POINT('Origin',(0.,10.0000001788139,33.0000004917383));
#2077=CARTESIAN_POINT('',(0.,14.7500001788139,33.0000004917383));
#2078=CARTESIAN_POINT('Origin',(69.0000010281801,31.000000461936,92.));
#2079=CARTESIAN_POINT('',(72.2500010281801,31.000000461936,92.));
#2080=CARTESIAN_POINT('Origin',(69.0000010281801,31.000000461936,92.));
#2081=CARTESIAN_POINT('',(72.2500010281801,31.000000461936,92.));
#2082=CARTESIAN_POINT('Origin',(56.0000009685755,26.5000004321337,0.));
#2083=CARTESIAN_POINT('',(56.0000009685755,26.5000004321337,0.));
#2084=CARTESIAN_POINT('',(56.0000009685755,23.0000004321337,0.));
#2085=CARTESIAN_POINT('',(56.0000009685755,13.2500002160668,0.));
#2086=CARTESIAN_POINT('',(56.0000009685755,26.5000004321337,2.));
#2087=CARTESIAN_POINT('',(56.0000009685755,26.5000004321337,0.));
#2088=CARTESIAN_POINT('',(56.0000009685755,23.0000004321337,2.));
#2089=CARTESIAN_POINT('',(56.0000009685755,13.2500002160668,2.));
#2090=CARTESIAN_POINT('',(56.0000009685755,23.0000004321337,0.));
#2091=CARTESIAN_POINT('Origin',(65.0000009685755,26.5000004321337,0.));
#2092=CARTESIAN_POINT('',(65.0000009685755,26.5000004321337,0.));
#2093=CARTESIAN_POINT('',(70.0000004842877,26.5000004321337,0.));
#2094=CARTESIAN_POINT('',(65.0000009685755,26.5000004321337,2.));
#2095=CARTESIAN_POINT('',(65.0000009685755,26.5000004321337,0.));
#2096=CARTESIAN_POINT('',(70.0000004842877,26.5000004321337,2.));
#2097=CARTESIAN_POINT('Origin',(65.0000009685755,23.0000004321337,0.));
#2098=CARTESIAN_POINT('',(65.0000009685755,23.0000004321337,0.));
#2099=CARTESIAN_POINT('',(65.0000009685755,11.5000002160668,0.));
#2100=CARTESIAN_POINT('',(65.0000009685755,23.0000004321337,2.));
#2101=CARTESIAN_POINT('',(65.0000009685755,23.0000004321337,0.));
#2102=CARTESIAN_POINT('',(65.0000009685755,11.5000002160668,2.));
#2103=CARTESIAN_POINT('Origin',(56.0000009685755,23.0000004321337,0.));
#2104=CARTESIAN_POINT('',(65.5000004842877,23.0000004321337,0.));
#2105=CARTESIAN_POINT('',(65.5000004842877,23.0000004321337,2.));
#2106=CARTESIAN_POINT('Origin',(75.,0.,2.));
#2107=CARTESIAN_POINT('',(73.,36.,2.));
#2108=CARTESIAN_POINT('',(73.,0.,1.99999999999999));
#2109=CARTESIAN_POINT('',(56.25,36.,2.));
#2110=CARTESIAN_POINT('Origin',(73.,0.,92.));
#2111=CARTESIAN_POINT('',(73.,36.,69.));
#2112=CARTESIAN_POINT('Origin',(37.5,36.,46.));
#2113=CARTESIAN_POINT('Origin',(0.,0.,0.));
#2114=CARTESIAN_POINT('',(0.,38.,92.));
#2115=CARTESIAN_POINT('',(4.31408307542741E-31,0.,92.));
#2116=CARTESIAN_POINT('',(0.,38.,0.));
#2117=CARTESIAN_POINT('',(4.31408307542741E-31,38.,92.));
#2118=CARTESIAN_POINT('',(0.,0.,0.));
#2119=CARTESIAN_POINT('Origin',(75.,0.,0.));
#2120=CARTESIAN_POINT('',(75.,38.,0.));
#2121=CARTESIAN_POINT('',(0.,38.,0.));
#2122=CARTESIAN_POINT('',(75.,0.,0.));
#2123=CARTESIAN_POINT('Origin',(75.,0.,92.));
#2124=CARTESIAN_POINT('',(75.,38.,92.));
#2125=CARTESIAN_POINT('',(75.,38.,0.));
#2126=CARTESIAN_POINT('',(75.,0.,92.));
#2127=CARTESIAN_POINT('Origin',(0.,0.,92.));
#2128=CARTESIAN_POINT('',(75.,38.,92.));
#2129=CARTESIAN_POINT('Origin',(37.5,38.,46.));
#2130=CARTESIAN_POINT('Origin',(73.,-40.5,23.75));
#2131=CARTESIAN_POINT('',(73.5,-41.,90.5));
#2132=CARTESIAN_POINT('',(73.5,-41.,1.5));
#2133=CARTESIAN_POINT('',(73.5,-41.,23.75));
#2134=CARTESIAN_POINT('',(72.5,-40.,2.5));
#2135=CARTESIAN_POINT('',(73.5,-41.,1.5));
#2136=CARTESIAN_POINT('',(72.5,-40.,89.5));
#2137=CARTESIAN_POINT('',(72.5,-40.,23.75));
#2138=CARTESIAN_POINT('',(72.5,-40.,89.5));
#2139=CARTESIAN_POINT('Origin',(2.,-40.5,68.25));
#2140=CARTESIAN_POINT('',(2.5,-40.,89.5));
#2141=CARTESIAN_POINT('',(2.5,-40.,2.5));
#2142=CARTESIAN_POINT('',(2.5,-40.,68.25));
#2143=CARTESIAN_POINT('',(1.5,-41.,1.5));
#2144=CARTESIAN_POINT('',(2.5,-40.,2.5));
#2145=CARTESIAN_POINT('',(1.5,-41.,90.5));
#2146=CARTESIAN_POINT('',(1.5,-41.,68.25));
#2147=CARTESIAN_POINT('',(2.5,-40.,89.5));
#2148=CARTESIAN_POINT('Origin',(19.5,-40.5,2.));
#2149=CARTESIAN_POINT('',(19.5,-41.,1.5));
#2150=CARTESIAN_POINT('',(19.5,-40.,2.5));
#2151=CARTESIAN_POINT('Origin',(55.5,-40.5,90.));
#2152=CARTESIAN_POINT('',(55.5,-41.,90.5));
#2153=CARTESIAN_POINT('',(55.5,-40.,89.5));
#2154=CARTESIAN_POINT('Origin',(73.5,-40.,90.5));
#2155=CARTESIAN_POINT('',(1.49999999999999,-42.,90.5));
#2156=CARTESIAN_POINT('',(1.5,-40.,90.5));
#2157=CARTESIAN_POINT('',(73.5,-42.,90.5));
#2158=CARTESIAN_POINT('',(73.5,-42.,90.5));
#2159=CARTESIAN_POINT('',(73.5,-40.,90.5));
#2160=CARTESIAN_POINT('Origin',(1.5,-40.,90.5));
#2161=CARTESIAN_POINT('',(1.5,-42.,1.5));
#2162=CARTESIAN_POINT('',(1.5,-40.,1.5));
#2163=CARTESIAN_POINT('',(1.5,-42.,90.5));
#2164=CARTESIAN_POINT('Origin',(37.5,-40.,46.));
#2165=CARTESIAN_POINT('',(5.,-40.,52.));
#2166=CARTESIAN_POINT('',(38.,-40.,52.));
#2167=CARTESIAN_POINT('',(37.75,-40.,52.));
#2168=CARTESIAN_POINT('',(38.,-40.,85.));
#2169=CARTESIAN_POINT('',(38.,-40.,65.5));
#2170=CARTESIAN_POINT('',(5.,-40.,85.));
#2171=CARTESIAN_POINT('',(21.25,-40.,85.));
#2172=CARTESIAN_POINT('',(5.,-40.,49.));
#2173=CARTESIAN_POINT('',(68.,-40.,15.));
#2174=CARTESIAN_POINT('Origin',(60.,-40.,15.));
#2175=CARTESIAN_POINT('Origin',(60.,-40.,15.));
#2176=CARTESIAN_POINT('',(61.5,-40.,15.));
#2177=CARTESIAN_POINT('Origin',(60.,-40.,15.));
#2178=CARTESIAN_POINT('',(61.5,-42.,15.));
#2179=CARTESIAN_POINT('',(61.5,-40.,15.));
#2180=CARTESIAN_POINT('Origin',(60.,-42.,15.));
#2181=CARTESIAN_POINT('Origin',(60.,-34.,15.));
#2182=CARTESIAN_POINT('',(67.25,-34.,15.));
#2183=CARTESIAN_POINT('Origin',(60.,-34.,15.));
#2184=CARTESIAN_POINT('',(67.25,-40.,15.));
#2185=CARTESIAN_POINT('',(67.25,-34.,15.));
#2186=CARTESIAN_POINT('Origin',(60.,-40.,15.));
#2187=CARTESIAN_POINT('Origin',(60.,-40.,15.));
#2188=CARTESIAN_POINT('Origin',(60.,-40.,15.));
#2189=CARTESIAN_POINT('',(68.,-34.,15.));
#2190=CARTESIAN_POINT('Origin',(60.,-34.,15.));
#2191=CARTESIAN_POINT('',(68.,-40.,15.));
#2192=CARTESIAN_POINT('Origin',(60.,-34.,15.));
#2193=CARTESIAN_POINT('Origin',(34.0000001341105,-42.,55.0000012218952));
#2194=CARTESIAN_POINT('',(33.2500001341105,-42.,55.0000012218952));
#2195=CARTESIAN_POINT('Origin',(34.0000001341105,-42.,55.0000012218952));
#2196=CARTESIAN_POINT('',(33.2500001341105,-40.,55.0000012218952));
#2197=CARTESIAN_POINT('',(33.2500001341105,-42.,55.0000012218952));
#2198=CARTESIAN_POINT('Origin',(34.0000001341105,-40.,55.0000012218952));
#2199=CARTESIAN_POINT('Origin',(27.7500001341105,-42.,55.0000012218952));
#2200=CARTESIAN_POINT('',(27.0000001341105,-42.,55.0000012218952));
#2201=CARTESIAN_POINT('Origin',(27.7500001341105,-42.,55.0000012218952));
#2202=CARTESIAN_POINT('',(27.0000001341105,-40.,55.0000012218952));
#2203=CARTESIAN_POINT('',(27.0000001341105,-42.,55.0000012218952));
#2204=CARTESIAN_POINT('Origin',(27.7500001341105,-40.,55.0000012218952));
#2205=CARTESIAN_POINT('Origin',(21.5000001341105,-42.,55.0000012218952));
#2206=CARTESIAN_POINT('',(20.7500001341105,-42.,55.0000012218952));
#2207=CARTESIAN_POINT('Origin',(21.5000001341105,-42.,55.0000012218952));
#2208=CARTESIAN_POINT('',(20.7500001341105,-40.,55.0000012218952));
#2209=CARTESIAN_POINT('',(20.7500001341105,-42.,55.0000012218952));
#2210=CARTESIAN_POINT('Origin',(21.5000001341105,-40.,55.0000012218952));
#2211=CARTESIAN_POINT('Origin',(15.2500001341105,-42.,55.0000012218952));
#2212=CARTESIAN_POINT('',(14.5000001341105,-42.,55.0000012218952));
#2213=CARTESIAN_POINT('Origin',(15.2500001341105,-42.,55.0000012218952));
#2214=CARTESIAN_POINT('',(14.5000001341105,-40.,55.0000012218952));
#2215=CARTESIAN_POINT('',(14.5000001341105,-42.,55.0000012218952));
#2216=CARTESIAN_POINT('Origin',(15.2500001341105,-40.,55.0000012218952));
#2217=CARTESIAN_POINT('Origin',(9.00000013411045,-42.,55.0000012218952));
#2218=CARTESIAN_POINT('',(8.25000013411046,-42.,55.0000012218952));
#2219=CARTESIAN_POINT('Origin',(9.00000013411045,-42.,55.0000012218952));
#2220=CARTESIAN_POINT('',(8.25000013411046,-40.,55.0000012218952));
#2221=CARTESIAN_POINT('',(8.25000013411046,-42.,55.0000012218952));
#2222=CARTESIAN_POINT('Origin',(9.00000013411045,-40.,55.0000012218952));
#2223=CARTESIAN_POINT('Origin',(34.0000001341105,-42.,61.7500012218952));
#2224=CARTESIAN_POINT('',(33.2500001341105,-42.,61.7500012218952));
#2225=CARTESIAN_POINT('Origin',(34.0000001341105,-42.,61.7500012218952));
#2226=CARTESIAN_POINT('',(33.2500001341105,-40.,61.7500012218952));
#2227=CARTESIAN_POINT('',(33.2500001341105,-42.,61.7500012218952));
#2228=CARTESIAN_POINT('Origin',(34.0000001341105,-40.,61.7500012218952));
#2229=CARTESIAN_POINT('Origin',(27.7500001341105,-42.,61.7500012218952));
#2230=CARTESIAN_POINT('',(27.0000001341105,-42.,61.7500012218952));
#2231=CARTESIAN_POINT('Origin',(27.7500001341105,-42.,61.7500012218952));
#2232=CARTESIAN_POINT('',(27.0000001341105,-40.,61.7500012218952));
#2233=CARTESIAN_POINT('',(27.0000001341105,-42.,61.7500012218952));
#2234=CARTESIAN_POINT('Origin',(27.7500001341105,-40.,61.7500012218952));
#2235=CARTESIAN_POINT('Origin',(21.5000001341105,-42.,61.7500012218952));
#2236=CARTESIAN_POINT('',(20.7500001341105,-42.,61.7500012218952));
#2237=CARTESIAN_POINT('Origin',(21.5000001341105,-42.,61.7500012218952));
#2238=CARTESIAN_POINT('',(20.7500001341105,-40.,61.7500012218952));
#2239=CARTESIAN_POINT('',(20.7500001341105,-42.,61.7500012218952));
#2240=CARTESIAN_POINT('Origin',(21.5000001341105,-40.,61.7500012218952));
#2241=CARTESIAN_POINT('Origin',(15.2500001341105,-42.,61.7500012218952));
#2242=CARTESIAN_POINT('',(14.5000001341105,-42.,61.7500012218952));
#2243=CARTESIAN_POINT('Origin',(15.2500001341105,-42.,61.7500012218952));
#2244=CARTESIAN_POINT('',(14.5000001341105,-40.,61.7500012218952));
#2245=CARTESIAN_POINT('',(14.5000001341105,-42.,61.7500012218952));
#2246=CARTESIAN_POINT('Origin',(15.2500001341105,-40.,61.7500012218952));
#2247=CARTESIAN_POINT('Origin',(9.00000013411045,-42.,61.7500012218952));
#2248=CARTESIAN_POINT('',(8.25000013411046,-42.,61.7500012218952));
#2249=CARTESIAN_POINT('Origin',(9.00000013411045,-42.,61.7500012218952));
#2250=CARTESIAN_POINT('',(8.25000013411046,-40.,61.7500012218952));
#2251=CARTESIAN_POINT('',(8.25000013411046,-42.,61.7500012218952));
#2252=CARTESIAN_POINT('Origin',(9.00000013411045,-40.,61.7500012218952));
#2253=CARTESIAN_POINT('Origin',(34.0000001341105,-42.,68.5000012218952));
#2254=CARTESIAN_POINT('',(33.2500001341105,-42.,68.5000012218952));
#2255=CARTESIAN_POINT('Origin',(34.0000001341105,-42.,68.5000012218952));
#2256=CARTESIAN_POINT('',(33.2500001341105,-40.,68.5000012218952));
#2257=CARTESIAN_POINT('',(33.2500001341105,-42.,68.5000012218952));
#2258=CARTESIAN_POINT('Origin',(34.0000001341105,-40.,68.5000012218952));
#2259=CARTESIAN_POINT('Origin',(27.7500001341105,-42.,68.5000012218952));
#2260=CARTESIAN_POINT('',(27.0000001341105,-42.,68.5000012218952));
#2261=CARTESIAN_POINT('Origin',(27.7500001341105,-42.,68.5000012218952));
#2262=CARTESIAN_POINT('',(27.0000001341105,-40.,68.5000012218952));
#2263=CARTESIAN_POINT('',(27.0000001341105,-42.,68.5000012218952));
#2264=CARTESIAN_POINT('Origin',(27.7500001341105,-40.,68.5000012218952));
#2265=CARTESIAN_POINT('Origin',(21.5000001341105,-42.,68.5000012218952));
#2266=CARTESIAN_POINT('',(20.7500001341105,-42.,68.5000012218952));
#2267=CARTESIAN_POINT('Origin',(21.5000001341105,-42.,68.5000012218952));
#2268=CARTESIAN_POINT('',(20.7500001341105,-40.,68.5000012218952));
#2269=CARTESIAN_POINT('',(20.7500001341105,-42.,68.5000012218952));
#2270=CARTESIAN_POINT('Origin',(21.5000001341105,-40.,68.5000012218952));
#2271=CARTESIAN_POINT('Origin',(15.2500001341105,-42.,68.5000012218952));
#2272=CARTESIAN_POINT('',(14.5000001341105,-42.,68.5000012218952));
#2273=CARTESIAN_POINT('Origin',(15.2500001341105,-42.,68.5000012218952));
#2274=CARTESIAN_POINT('',(14.5000001341105,-40.,68.5000012218952));
#2275=CARTESIAN_POINT('',(14.5000001341105,-42.,68.5000012218952));
#2276=CARTESIAN_POINT('Origin',(15.2500001341105,-40.,68.5000012218952));
#2277=CARTESIAN_POINT('Origin',(9.00000013411045,-42.,68.5000012218952));
#2278=CARTESIAN_POINT('',(8.25000013411046,-42.,68.5000012218952));
#2279=CARTESIAN_POINT('Origin',(9.00000013411045,-42.,68.5000012218952));
#2280=CARTESIAN_POINT('',(8.25000013411046,-40.,68.5000012218952));
#2281=CARTESIAN_POINT('',(8.25000013411046,-42.,68.5000012218952));
#2282=CARTESIAN_POINT('Origin',(9.00000013411045,-40.,68.5000012218952));
#2283=CARTESIAN_POINT('Origin',(34.0000001341105,-42.,75.2500012218952));
#2284=CARTESIAN_POINT('',(33.2500001341105,-42.,75.2500012218952));
#2285=CARTESIAN_POINT('Origin',(34.0000001341105,-42.,75.2500012218952));
#2286=CARTESIAN_POINT('',(33.2500001341105,-40.,75.2500012218952));
#2287=CARTESIAN_POINT('',(33.2500001341105,-42.,75.2500012218952));
#2288=CARTESIAN_POINT('Origin',(34.0000001341105,-40.,75.2500012218952));
#2289=CARTESIAN_POINT('Origin',(27.7500001341105,-42.,75.2500012218952));
#2290=CARTESIAN_POINT('',(27.0000001341105,-42.,75.2500012218952));
#2291=CARTESIAN_POINT('Origin',(27.7500001341105,-42.,75.2500012218952));
#2292=CARTESIAN_POINT('',(27.0000001341105,-40.,75.2500012218952));
#2293=CARTESIAN_POINT('',(27.0000001341105,-42.,75.2500012218952));
#2294=CARTESIAN_POINT('Origin',(27.7500001341105,-40.,75.2500012218952));
#2295=CARTESIAN_POINT('Origin',(21.5000001341105,-42.,75.2500012218952));
#2296=CARTESIAN_POINT('',(20.7500001341105,-42.,75.2500012218952));
#2297=CARTESIAN_POINT('Origin',(21.5000001341105,-42.,75.2500012218952));
#2298=CARTESIAN_POINT('',(20.7500001341105,-40.,75.2500012218952));
#2299=CARTESIAN_POINT('',(20.7500001341105,-42.,75.2500012218952));
#2300=CARTESIAN_POINT('Origin',(21.5000001341105,-40.,75.2500012218952));
#2301=CARTESIAN_POINT('Origin',(15.2500001341105,-42.,75.2500012218952));
#2302=CARTESIAN_POINT('',(14.5000001341105,-42.,75.2500012218952));
#2303=CARTESIAN_POINT('Origin',(15.2500001341105,-42.,75.2500012218952));
#2304=CARTESIAN_POINT('',(14.5000001341105,-40.,75.2500012218952));
#2305=CARTESIAN_POINT('',(14.5000001341105,-42.,75.2500012218952));
#2306=CARTESIAN_POINT('Origin',(15.2500001341105,-40.,75.2500012218952));
#2307=CARTESIAN_POINT('Origin',(9.00000013411045,-42.,75.2500012218952));
#2308=CARTESIAN_POINT('',(8.25000013411046,-42.,75.2500012218952));
#2309=CARTESIAN_POINT('Origin',(9.00000013411045,-42.,75.2500012218952));
#2310=CARTESIAN_POINT('',(8.25000013411046,-40.,75.2500012218952));
#2311=CARTESIAN_POINT('',(8.25000013411046,-42.,75.2500012218952));
#2312=CARTESIAN_POINT('Origin',(9.00000013411045,-40.,75.2500012218952));
#2313=CARTESIAN_POINT('Origin',(34.0000001341105,-42.,82.0000012218952));
#2314=CARTESIAN_POINT('',(33.2500001341105,-42.,82.0000012218952));
#2315=CARTESIAN_POINT('Origin',(34.0000001341105,-42.,82.0000012218952));
#2316=CARTESIAN_POINT('',(33.2500001341105,-40.,82.0000012218952));
#2317=CARTESIAN_POINT('',(33.2500001341105,-42.,82.0000012218952));
#2318=CARTESIAN_POINT('Origin',(34.0000001341105,-40.,82.0000012218952));
#2319=CARTESIAN_POINT('Origin',(27.7500001341105,-42.,82.0000012218952));
#2320=CARTESIAN_POINT('',(27.0000001341105,-42.,82.0000012218952));
#2321=CARTESIAN_POINT('Origin',(27.7500001341105,-42.,82.0000012218952));
#2322=CARTESIAN_POINT('',(27.0000001341105,-40.,82.0000012218952));
#2323=CARTESIAN_POINT('',(27.0000001341105,-42.,82.0000012218952));
#2324=CARTESIAN_POINT('Origin',(27.7500001341105,-40.,82.0000012218952));
#2325=CARTESIAN_POINT('Origin',(21.5000001341105,-42.,82.0000012218952));
#2326=CARTESIAN_POINT('',(20.7500001341105,-42.,82.0000012218952));
#2327=CARTESIAN_POINT('Origin',(21.5000001341105,-42.,82.0000012218952));
#2328=CARTESIAN_POINT('',(20.7500001341105,-40.,82.0000012218952));
#2329=CARTESIAN_POINT('',(20.7500001341105,-42.,82.0000012218952));
#2330=CARTESIAN_POINT('Origin',(21.5000001341105,-40.,82.0000012218952));
#2331=CARTESIAN_POINT('Origin',(15.2500001341105,-42.,82.0000012218952));
#2332=CARTESIAN_POINT('',(14.5000001341105,-42.,82.0000012218952));
#2333=CARTESIAN_POINT('Origin',(15.2500001341105,-42.,82.0000012218952));
#2334=CARTESIAN_POINT('',(14.5000001341105,-40.,82.0000012218952));
#2335=CARTESIAN_POINT('',(14.5000001341105,-42.,82.0000012218952));
#2336=CARTESIAN_POINT('Origin',(15.2500001341105,-40.,82.0000012218952));
#2337=CARTESIAN_POINT('Origin',(9.00000013411045,-42.,82.0000012218952));
#2338=CARTESIAN_POINT('',(8.25000013411046,-42.,82.0000012218952));
#2339=CARTESIAN_POINT('Origin',(9.00000013411045,-42.,82.0000012218952));
#2340=CARTESIAN_POINT('',(8.25000013411046,-40.,82.0000012218952));
#2341=CARTESIAN_POINT('',(8.25000013411046,-42.,82.0000012218952));
#2342=CARTESIAN_POINT('Origin',(9.00000013411045,-40.,82.0000012218952));
#2343=CARTESIAN_POINT('Origin',(5.75,-40.,52.75));
#2344=CARTESIAN_POINT('',(37.25,-40.,52.75));
#2345=CARTESIAN_POINT('',(5.75,-40.,52.75));
#2346=CARTESIAN_POINT('',(21.625,-40.,52.75));
#2347=CARTESIAN_POINT('',(37.25,-26.,52.75));
#2348=CARTESIAN_POINT('',(37.25,-40.,52.75));
#2349=CARTESIAN_POINT('',(5.75,-26.,52.75));
#2350=CARTESIAN_POINT('',(37.25,-26.,52.75));
#2351=CARTESIAN_POINT('',(5.75,-40.,52.75));
#2352=CARTESIAN_POINT('Origin',(5.75,-40.,84.25));
#2353=CARTESIAN_POINT('',(5.75,-40.,84.25));
#2354=CARTESIAN_POINT('',(5.74999999999999,-40.,65.125));
#2355=CARTESIAN_POINT('',(5.75,-26.,84.25));
#2356=CARTESIAN_POINT('',(5.75,-26.,52.75));
#2357=CARTESIAN_POINT('',(5.75,-40.,84.25));
#2358=CARTESIAN_POINT('Origin',(37.25,-40.,84.25));
#2359=CARTESIAN_POINT('',(37.25,-40.,84.25));
#2360=CARTESIAN_POINT('',(37.375,-40.,84.25));
#2361=CARTESIAN_POINT('',(37.25,-26.,84.25));
#2362=CARTESIAN_POINT('',(5.75,-26.,84.25));
#2363=CARTESIAN_POINT('',(37.25,-40.,84.25));
#2364=CARTESIAN_POINT('Origin',(37.25,-40.,52.75));
#2365=CARTESIAN_POINT('',(37.25,-40.,49.375));
#2366=CARTESIAN_POINT('',(37.25,-26.,84.25));
#2367=CARTESIAN_POINT('Origin',(38.,-40.,52.));
#2368=CARTESIAN_POINT('',(5.,-26.,52.));
#2369=CARTESIAN_POINT('',(5.,-40.,52.));
#2370=CARTESIAN_POINT('',(38.,-26.,52.));
#2371=CARTESIAN_POINT('',(38.,-26.,52.));
#2372=CARTESIAN_POINT('',(38.,-40.,52.));
#2373=CARTESIAN_POINT('Origin',(38.,-40.,85.));
#2374=CARTESIAN_POINT('',(38.,-26.,85.));
#2375=CARTESIAN_POINT('',(38.,-26.,85.));
#2376=CARTESIAN_POINT('',(38.,-40.,85.));
#2377=CARTESIAN_POINT('Origin',(5.,-40.,85.));
#2378=CARTESIAN_POINT('',(5.,-26.,85.));
#2379=CARTESIAN_POINT('',(5.,-26.,85.));
#2380=CARTESIAN_POINT('',(5.,-40.,85.));
#2381=CARTESIAN_POINT('Origin',(5.,-40.,52.));
#2382=CARTESIAN_POINT('',(5.,-26.,52.));
#2383=CARTESIAN_POINT('Origin',(21.5,-26.,68.5));
#2384=CARTESIAN_POINT('Origin',(1.5,-40.,1.5));
#2385=CARTESIAN_POINT('',(73.5,-42.,1.5));
#2386=CARTESIAN_POINT('',(73.5,-40.,1.5));
#2387=CARTESIAN_POINT('',(1.5,-42.,1.5));
#2388=CARTESIAN_POINT('Origin',(73.5,-40.,1.5));
#2389=CARTESIAN_POINT('',(73.5,-42.,1.5));
#2390=CARTESIAN_POINT('Origin',(37.5,-42.,46.));
#2391=CARTESIAN_POINT('Origin',(37.5,-40.,46.));
#2392=CARTESIAN_POINT('Origin',(21.5,13.,68.5));
#2393=CARTESIAN_POINT('',(5.75,13.,52.75));
#2394=CARTESIAN_POINT('',(37.25,13.,52.75));
#2395=CARTESIAN_POINT('',(37.25,13.,52.75));
#2396=CARTESIAN_POINT('',(37.25,13.,84.25));
#2397=CARTESIAN_POINT('',(37.25,13.,85.));
#2398=CARTESIAN_POINT('',(5.75,13.,84.25));
#2399=CARTESIAN_POINT('',(37.25,13.,84.25));
#2400=CARTESIAN_POINT('',(5.75,13.,84.25));
#2401=CARTESIAN_POINT('Origin',(37.25,14.,84.25));
#2402=CARTESIAN_POINT('',(37.25,15.,52.75));
#2403=CARTESIAN_POINT('',(37.25,14.,52.75));
#2404=CARTESIAN_POINT('',(37.25,15.,84.25));
#2405=CARTESIAN_POINT('',(37.25,15.,85.));
#2406=CARTESIAN_POINT('',(37.25,14.,84.25));
#2407=CARTESIAN_POINT('Origin',(5.75,14.,84.25));
#2408=CARTESIAN_POINT('',(5.75,15.,84.25));
#2409=CARTESIAN_POINT('',(37.25,15.,84.25));
#2410=CARTESIAN_POINT('',(5.75,14.,84.25));
#2411=CARTESIAN_POINT('Origin',(5.75,14.,52.75));
#2412=CARTESIAN_POINT('',(5.75,15.,52.75));
#2413=CARTESIAN_POINT('',(5.75,15.,84.25));
#2414=CARTESIAN_POINT('',(5.75,14.,52.75));
#2415=CARTESIAN_POINT('Origin',(37.25,14.,52.75));
#2416=CARTESIAN_POINT('',(37.25,15.,52.75));
#2417=CARTESIAN_POINT('Origin',(21.5,15.,68.5));
#2418=UNCERTAINTY_MEASURE_WITH_UNIT(LENGTH_MEASURE(0.01),#2422,
'DISTANCE_ACCURACY_VALUE',
'Maximum model space distance between geometric entities at asserted c
onnectivities');
#2419=UNCERTAINTY_MEASURE_WITH_UNIT(LENGTH_MEASURE(0.01),#2422,
'DISTANCE_ACCURACY_VALUE',
'Maximum model space distance between geometric entities at asserted c
onnectivities');
#2420=(
GEOMETRIC_REPRESENTATION_CONTEXT(3)
GLOBAL_UNCERTAINTY_ASSIGNED_CONTEXT((#2418))
GLOBAL_UNIT_ASSIGNED_CONTEXT((#2422,#2424,#2425))
REPRESENTATION_CONTEXT('','3D')
);
#2421=(
GEOMETRIC_REPRESENTATION_CONTEXT(3)
GLOBAL_UNCERTAINTY_ASSIGNED_CONTEXT((#2419))
GLOBAL_UNIT_ASSIGNED_CONTEXT((#2422,#2424,#2425))
REPRESENTATION_CONTEXT('','3D')
);
#2422=(
LENGTH_UNIT()
NAMED_UNIT(*)
SI_UNIT(.MILLI.,.METRE.)
);
#2423=(
LENGTH_UNIT()
NAMED_UNIT(*)
SI_UNIT($,.METRE.)
);
#2424=(
NAMED_UNIT(*)
PLANE_ANGLE_UNIT()
SI_UNIT($,.RADIAN.)
);
#2425=(
NAMED_UNIT(*)
SI_UNIT($,.STERADIAN.)
SOLID_ANGLE_UNIT()
);
#2426=SHAPE_DEFINITION_REPRESENTATION(#2427,#2428);
#2427=PRODUCT_DEFINITION_SHAPE('',$,#2430);
#2428=SHAPE_REPRESENTATION('',(#1482),#2420);
#2429=PRODUCT_DEFINITION_CONTEXT('part definition',#2434,'design');
#2430=PRODUCT_DEFINITION('2026-07-24-17-12-39-216','WalkieTalkie',#2431,
#2429);
#2431=PRODUCT_DEFINITION_FORMATION('',$,#2436);
#2432=PRODUCT_RELATED_PRODUCT_CATEGORY('WalkieTalkie','WalkieTalkie',(#2436));
#2433=APPLICATION_PROTOCOL_DEFINITION('international standard',
'automotive_design',2009,#2434);
#2434=APPLICATION_CONTEXT(
'Core Data for Automotive Mechanical Design Process');
#2435=PRODUCT_CONTEXT('part definition',#2434,'mechanical');
#2436=PRODUCT('2026-07-24-17-12-39-216','WalkieTalkie',$,(#2435));
#2437=PRESENTATION_STYLE_ASSIGNMENT((#2438));
#2438=SURFACE_STYLE_USAGE(.BOTH.,#2439);
#2439=SURFACE_SIDE_STYLE('',(#2440));
#2440=SURFACE_STYLE_FILL_AREA(#2441);
#2441=FILL_AREA_STYLE('Stal \X2\2014\X0\ satynowa',(#2442));
#2442=FILL_AREA_STYLE_COLOUR('Stal \X2\2014\X0\ satynowa',#2443);
#2443=COLOUR_RGB('Stal \X2\2014\X0\ satynowa',0.627450980392157,0.627450980392157,
0.627450980392157);
ENDSEC;
END-ISO-10303-21;
